loss_train,loss_train_noisy,loss_train_clean,accuracy_train,loss_val,accuracy_val,time_this_iter_s,done,timesteps_total,episodes_total,training_iteration,trial_id,experiment_id,date,timestamp,time_total_s,pid,hostname,node_ip,time_since_restore,timesteps_since_restore,iterations_since_restore
1.988355472202007,1.8798460301237836,2.019994845987851,0.2868,1.8069566533066332,0.3462,28.912224054336548,False,,,1,d09c0_00002,abb406b6aeb74c7e95b2ccb14bcda2dc,2021-12-05_12-45-06,1638708306,28.912224054336548,1950,nb-test,10.138.0.16,28.912224054336548,0,1
1.74250986464197,1.5757699454092464,1.7911281832747656,0.37093333333333334,1.775219559854269,0.3642,22.07345986366272,False,,,2,d09c0_00002,abb406b6aeb74c7e95b2ccb14bcda2dc,2021-12-05_12-45-28,1638708328,50.98568391799927,1950,nb-test,10.138.0.16,50.98568391799927,0,2
1.5937954896867883,1.4473765902611881,1.636488569657648,0.4073555555555556,1.5879418406255543,0.4242,21.895196199417114,False,,,3,d09c0_00002,abb406b6aeb74c7e95b2ccb14bcda2dc,2021-12-05_12-45-50,1638708350,72.88088011741638,1950,nb-test,10.138.0.16,72.88088011741638,0,3
1.5069008085627658,1.3117558099303912,1.563801530158192,0.4444,1.4844784022085369,0.4548,22.05240559577942,False,,,4,d09c0_00002,abb406b6aeb74c7e95b2ccb14bcda2dc,2021-12-05_12-46-12,1638708372,94.9332857131958,1950,nb-test,10.138.0.16,94.9332857131958,0,4
1.4556666436414207,1.3659813053756633,1.4818172521613213,0.4670666666666667,1.6573310994783883,0.4086,21.72742462158203,False,,,5,d09c0_00002,abb406b6aeb74c7e95b2ccb14bcda2dc,2021-12-05_12-46-34,1638708394,116.66071033477783,1950,nb-test,10.138.0.16,116.66071033477783,0,5
1.3574152003153444,1.2823652940256813,1.3792983838633683,0.4864888888888889,1.3775220152042806,0.4916,21.84507465362549,False,,,6,d09c0_00002,abb406b6aeb74c7e95b2ccb14bcda2dc,2021-12-05_12-46-56,1638708416,138.50578498840332,1950,nb-test,10.138.0.16,138.50578498840332,0,6
1.3693635698413746,1.1977844191040177,1.4193929200994273,0.5051111111111111,1.2770681634560692,0.5174,21.83250594139099,False,,,7,d09c0_00002,abb406b6aeb74c7e95b2ccb14bcda2dc,2021-12-05_12-47-18,1638708438,160.3382909297943,1950,nb-test,10.138.0.16,160.3382909297943,0,7
1.2879123654506617,1.199578639236208,1.3136688685536908,0.5201111111111111,1.2949323331492952,0.5144,21.673286199569702,False,,,8,d09c0_00002,abb406b6aeb74c7e95b2ccb14bcda2dc,2021-12-05_12-47-39,1638708459,182.011577129364,1950,nb-test,10.138.0.16,182.011577129364,0,8
1.2013423735962576,1.0604425465695537,1.2424261927393447,0.5334666666666666,1.272984026103717,0.522,22.111886024475098,False,,,9,d09c0_00002,abb406b6aeb74c7e95b2ccb14bcda2dc,2021-12-05_12-48-01,1638708481,204.1234631538391,1950,nb-test,10.138.0.16,204.1234631538391,0,9
1.1855667071548894,1.1634312169686456,1.1920210122782218,0.5429111111111111,1.2251264045718127,0.5424,21.837579011917114,False,,,10,d09c0_00002,abb406b6aeb74c7e95b2ccb14bcda2dc,2021-12-05_12-48-23,1638708503,225.96104216575623,1950,nb-test,10.138.0.16,225.96104216575623,0,10
1.2616860195944346,1.1813079532308184,1.285122797419066,0.5509111111111111,1.2334034789362922,0.5408,22.1065514087677,False,,,11,d09c0_00002,abb406b6aeb74c7e95b2ccb14bcda2dc,2021-12-05_12-48-45,1638708525,248.06759357452393,1950,nb-test,10.138.0.16,248.06759357452393,0,11
1.1146500067989047,1.0202942888101223,1.142162412844887,0.5563555555555556,1.256014037002891,0.5322,22.311944246292114,False,,,12,d09c0_00002,abb406b6aeb74c7e95b2ccb14bcda2dc,2021-12-05_12-49-08,1638708548,270.37953782081604,1950,nb-test,10.138.0.16,270.37953782081604,0,12
1.149445003564464,0.9390739003227321,1.2107853794960601,0.5614222222222223,1.1641034714675276,0.5616,22.11699104309082,False,,,13,d09c0_00002,abb406b6aeb74c7e95b2ccb14bcda2dc,2021-12-05_12-49-30,1638708570,292.49652886390686,1950,nb-test,10.138.0.16,292.49652886390686,0,13
1.1942953201321838,1.099999274077653,1.2217903269307266,0.5697111111111111,1.1454473487050623,0.5592,22.340929746627808,False,,,14,d09c0_00002,abb406b6aeb74c7e95b2ccb14bcda2dc,2021-12-05_12-49-52,1638708592,314.83745861053467,1950,nb-test,10.138.0.16,314.83745861053467,0,14
1.1059543087220771,1.0352583767519066,1.126567952787544,0.5717111111111111,1.1335318686018545,0.5698,21.82515835762024,False,,,15,d09c0_00002,abb406b6aeb74c7e95b2ccb14bcda2dc,2021-12-05_12-50-14,1638708614,336.6626169681549,1950,nb-test,10.138.0.16,336.6626169681549,0,15
1.110781715269952,1.054408476822478,1.1272191231913051,0.5808666666666666,1.0947314959732524,0.5798,22.48455309867859,False,,,16,d09c0_00002,abb406b6aeb74c7e95b2ccb14bcda2dc,2021-12-05_12-50-36,1638708636,359.1471700668335,1950,nb-test,10.138.0.16,359.1471700668335,0,16
1.0948717337509086,1.0432748548118884,1.1099164423741268,0.5795555555555556,1.116504867159587,0.5716,22.284903049468994,False,,,17,d09c0_00002,abb406b6aeb74c7e95b2ccb14bcda2dc,2021-12-05_12-50-59,1638708659,381.4320731163025,1950,nb-test,10.138.0.16,381.4320731163025,0,17
1.08018600455345,0.899140134828154,1.1329756773682156,0.5821111111111111,1.1261460741823242,0.5564,22.163474798202515,False,,,18,d09c0_00002,abb406b6aeb74c7e95b2ccb14bcda2dc,2021-12-05_12-51-21,1638708681,403.595547914505,1950,nb-test,10.138.0.16,403.595547914505,0,18
1.0495159868302062,0.9858867036234347,1.0680691250322558,0.5859333333333333,1.0580330445359112,0.587,21.972124099731445,False,,,19,d09c0_00002,abb406b6aeb74c7e95b2ccb14bcda2dc,2021-12-05_12-51-43,1638708703,425.56767201423645,1950,nb-test,10.138.0.16,425.56767201423645,0,19
1.0668897606582353,0.9331732525966869,1.1058790550354705,0.5935777777777778,1.058912541498101,0.5836,21.986705780029297,False,,,20,d09c0_00002,abb406b6aeb74c7e95b2ccb14bcda2dc,2021-12-05_12-52-05,1638708725,447.55437779426575,1950,nb-test,10.138.0.16,447.55437779426575,0,20
1.0801749115956576,0.853063323724771,1.1463965074505489,0.5935333333333334,1.075200154677502,0.5754,22.07143521308899,False,,,21,d09c0_00002,abb406b6aeb74c7e95b2ccb14bcda2dc,2021-12-05_12-52-27,1638708747,469.62581300735474,1950,nb-test,10.138.0.16,469.62581300735474,0,21
0.9578388079494291,0.9088584718857663,0.9721205804034564,0.5947111111111111,1.0934464476234578,0.5748,22.07480001449585,False,,,22,d09c0_00002,abb406b6aeb74c7e95b2ccb14bcda2dc,2021-12-05_12-52-49,1638708769,491.7006130218506,1950,nb-test,10.138.0.16,491.7006130218506,0,22
1.0587600301300208,0.9311914678572218,1.0959566956714635,0.6007555555555556,1.00196718278982,0.6026,21.990442752838135,False,,,23,d09c0_00002,abb406b6aeb74c7e95b2ccb14bcda2dc,2021-12-05_12-53-11,1638708791,513.6910557746887,1950,nb-test,10.138.0.16,513.6910557746887,0,23
1.011165310086169,0.8584370481932416,1.0556980850515905,0.6072,1.0103922098949376,0.6074,22.012705087661743,False,,,24,d09c0_00002,abb406b6aeb74c7e95b2ccb14bcda2dc,2021-12-05_12-53-33,1638708813,535.7037608623505,1950,nb-test,10.138.0.16,535.7037608623505,0,24
0.9674599524163189,0.9076055985827328,0.9849123900787117,0.6048888888888889,1.017671670224201,0.6162,21.902855157852173,False,,,25,d09c0_00002,abb406b6aeb74c7e95b2ccb14bcda2dc,2021-12-05_12-53-55,1638708835,557.6066160202026,1950,nb-test,10.138.0.16,557.6066160202026,0,25
0.9429455675691591,0.8732471032277296,0.9632683682707632,0.6098666666666667,1.0322705142077218,0.5974,21.746296882629395,False,,,26,d09c0_00002,abb406b6aeb74c7e95b2ccb14bcda2dc,2021-12-05_12-54-17,1638708857,579.352912902832,1950,nb-test,10.138.0.16,579.352912902832,0,26
0.9714143993003824,0.8557473231095639,1.0051408086176385,0.6102888888888889,1.0179835730340476,0.5984,21.952496767044067,False,,,27,d09c0_00002,abb406b6aeb74c7e95b2ccb14bcda2dc,2021-12-05_12-54-39,1638708879,601.3054096698761,1950,nb-test,10.138.0.16,601.3054096698761,0,27
1.0370852214428168,0.9907927347667858,1.050583266049509,0.6106666666666667,1.0500662633205997,0.5938,21.920600175857544,False,,,28,d09c0_00002,abb406b6aeb74c7e95b2ccb14bcda2dc,2021-12-05_12-55-01,1638708901,623.2260098457336,1950,nb-test,10.138.0.16,623.2260098457336,0,28
0.9626534070972523,0.8780331951423243,0.9873271171873789,0.6155777777777778,0.9534157367234387,0.6226,22.21159553527832,False,,,29,d09c0_00002,abb406b6aeb74c7e95b2ccb14bcda2dc,2021-12-05_12-55-23,1638708923,645.437605381012,1950,nb-test,10.138.0.16,645.437605381012,0,29
0.9649295458626904,0.9344552022644351,0.9738153085163073,0.6218666666666667,0.9928848274500629,0.6088,22.170324563980103,False,,,30,d09c0_00002,abb406b6aeb74c7e95b2ccb14bcda2dc,2021-12-05_12-55-45,1638708945,667.6079299449921,1950,nb-test,10.138.0.16,667.6079299449921,0,30
0.826814665034514,0.7969260133898082,0.8355296505991807,0.6212,0.9851455980423991,0.605,22.249983549118042,False,,,31,d09c0_00002,abb406b6aeb74c7e95b2ccb14bcda2dc,2021-12-05_12-56-07,1638708967,689.8579134941101,1950,nb-test,10.138.0.16,689.8579134941101,0,31
0.908989540396812,0.7027505655846162,0.969125063060257,0.6218666666666667,1.000166124497111,0.5948,21.969531059265137,False,,,32,d09c0_00002,abb406b6aeb74c7e95b2ccb14bcda2dc,2021-12-05_12-56-29,1638708989,711.8274445533752,1950,nb-test,10.138.0.16,711.8274445533752,0,32
0.835057085275941,0.8369866560917429,0.8344944576269713,0.6221111111111111,0.9401524415188169,0.622,21.991183280944824,False,,,33,d09c0_00002,abb406b6aeb74c7e95b2ccb14bcda2dc,2021-12-05_12-56-51,1638709011,733.8186278343201,1950,nb-test,10.138.0.16,733.8186278343201,0,33
0.9686997171456916,0.8780410130268778,0.9951341413913525,0.6222222222222222,0.993309101662883,0.602,22.15186643600464,False,,,34,d09c0_00002,abb406b6aeb74c7e95b2ccb14bcda2dc,2021-12-05_12-57-13,1638709033,755.9704942703247,1950,nb-test,10.138.0.16,755.9704942703247,0,34
0.8534871541855006,0.7596438881931633,0.8808501385779172,0.6288,0.9911696233530438,0.611,21.44858455657959,False,,,35,d09c0_00002,abb406b6aeb74c7e95b2ccb14bcda2dc,2021-12-05_12-57-35,1638709055,777.4190788269043,1950,nb-test,10.138.0.16,777.4190788269043,0,35
0.9075259611540991,0.9025767075380259,0.908969073219933,0.6281111111111111,0.9553032676267117,0.6176,21.733325958251953,False,,,36,d09c0_00002,abb406b6aeb74c7e95b2ccb14bcda2dc,2021-12-05_12-57-56,1638709076,799.1524047851562,1950,nb-test,10.138.0.16,799.1524047851562,0,36
0.9102008251893376,0.7854033352067017,0.9465894966032928,0.6334444444444445,0.9147137856222249,0.6262,21.642757177352905,False,,,37,d09c0_00002,abb406b6aeb74c7e95b2ccb14bcda2dc,2021-12-05_12-58-18,1638709098,820.7951619625092,1950,nb-test,10.138.0.16,820.7951619625092,0,37
0.8947466438477458,0.9034117143354331,0.8922200673693325,0.6292888888888889,0.9343450085308094,0.6216,21.786107778549194,False,,,38,d09c0_00002,abb406b6aeb74c7e95b2ccb14bcda2dc,2021-12-05_12-58-40,1638709120,842.5812697410583,1950,nb-test,10.138.0.16,842.5812697410583,0,38
0.8868771939617439,0.8235618149414414,0.9053388034295328,0.6327333333333334,0.995101512984653,0.6096,21.649138689041138,False,,,39,d09c0_00002,abb406b6aeb74c7e95b2ccb14bcda2dc,2021-12-05_12-59-02,1638709142,864.2304084300995,1950,nb-test,10.138.0.16,864.2304084300995,0,39
0.8576179537131655,0.9147009560488943,0.8409735915901304,0.6378444444444444,0.8940038710320272,0.6378,21.737916707992554,False,,,40,d09c0_00002,abb406b6aeb74c7e95b2ccb14bcda2dc,2021-12-05_12-59-23,1638709163,885.968325138092,1950,nb-test,10.138.0.16,885.968325138092,0,40
0.7991472206313425,0.6518355336383413,0.8421006211698425,0.6387555555555555,0.924288822457457,0.6302,22.11020827293396,False,,,41,d09c0_00002,abb406b6aeb74c7e95b2ccb14bcda2dc,2021-12-05_12-59-45,1638709185,908.078533411026,1950,nb-test,10.138.0.16,908.078533411026,0,41
0.8780252187488173,0.7603285515149051,0.9123434197886643,0.6328444444444444,0.990351819575728,0.6082,21.505911588668823,False,,,42,d09c0_00002,abb406b6aeb74c7e95b2ccb14bcda2dc,2021-12-05_13-00-07,1638709207,929.5844449996948,1950,nb-test,10.138.0.16,929.5844449996948,0,42
0.8953444481983249,0.6932018030880769,0.954285555849512,0.6365555555555555,0.8792145888287763,0.6348,22.20046591758728,False,,,43,d09c0_00002,abb406b6aeb74c7e95b2ccb14bcda2dc,2021-12-05_13-00-29,1638709229,951.7849109172821,1950,nb-test,10.138.0.16,951.7849109172821,0,43
0.92610250681585,0.7469939964783007,0.9783272809761545,0.6398666666666667,0.9165395079831476,0.6244,21.592973232269287,False,,,44,d09c0_00002,abb406b6aeb74c7e95b2ccb14bcda2dc,2021-12-05_13-00-51,1638709251,973.3778841495514,1950,nb-test,10.138.0.16,973.3778841495514,0,44
0.730909565709396,0.6841282980274656,0.744550129940638,0.6451777777777777,0.9612882254128275,0.6134,21.651973724365234,False,,,45,d09c0_00002,abb406b6aeb74c7e95b2ccb14bcda2dc,2021-12-05_13-01-12,1638709272,995.0298578739166,1950,nb-test,10.138.0.16,995.0298578739166,0,45
0.8572826340836032,0.7501262561746808,0.8885274790414618,0.6437111111111111,0.8886711427337527,0.6326,21.978975296020508,False,,,46,d09c0_00002,abb406b6aeb74c7e95b2ccb14bcda2dc,2021-12-05_13-01-34,1638709294,1017.0088331699371,1950,nb-test,10.138.0.16,1017.0088331699371,0,46
0.7490753973428742,0.5766499973236591,0.7993514984534961,0.6469333333333334,0.8767762526244751,0.638,21.932493448257446,False,,,47,d09c0_00002,abb406b6aeb74c7e95b2ccb14bcda2dc,2021-12-05_13-01-56,1638709316,1038.9413266181946,1950,nb-test,10.138.0.16,1038.9413266181946,0,47
0.8804932934441614,0.8963472439561693,0.8758705706964934,0.6455777777777778,0.9254691064306826,0.6354,22.212899923324585,False,,,48,d09c0_00002,abb406b6aeb74c7e95b2ccb14bcda2dc,2021-12-05_13-02-18,1638709338,1061.1542265415192,1950,nb-test,10.138.0.16,1061.1542265415192,0,48
0.8741031582500014,0.6843256780781753,0.9294388093813004,0.6502,0.8811390074448078,0.641,21.698794841766357,False,,,49,d09c0_00002,abb406b6aeb74c7e95b2ccb14bcda2dc,2021-12-05_13-02-40,1638709360,1082.8530213832855,1950,nb-test,10.138.0.16,1082.8530213832855,0,49
0.8223074266860464,0.7228480721965919,0.8513079600306228,0.6532888888888889,0.8668060899750861,0.6486,21.677704334259033,False,,,50,d09c0_00002,abb406b6aeb74c7e95b2ccb14bcda2dc,2021-12-05_13-03-02,1638709382,1104.5307257175446,1950,nb-test,10.138.0.16,1104.5307257175446,0,50
0.8878073420609986,0.8333350416399191,0.9036904711324296,0.6530222222222222,0.895281979105802,0.637,22.10522484779358,False,,,51,d09c0_00002,abb406b6aeb74c7e95b2ccb14bcda2dc,2021-12-05_13-03-24,1638709404,1126.6359505653381,1950,nb-test,10.138.0.16,1126.6359505653381,0,51
0.773234139364553,0.5631774148403483,0.8344828481972907,0.6550222222222222,0.8493847208099272,0.6436,21.986345767974854,False,,,52,d09c0_00002,abb406b6aeb74c7e95b2ccb14bcda2dc,2021-12-05_13-03-46,1638709426,1148.622296333313,1950,nb-test,10.138.0.16,1148.622296333313,0,52
0.9098005451704835,0.739832800503842,0.9593600388149944,0.6552222222222223,0.8402123377563232,0.6508,21.438998460769653,False,,,53,d09c0_00002,abb406b6aeb74c7e95b2ccb14bcda2dc,2021-12-05_13-04-07,1638709447,1170.0612947940826,1950,nb-test,10.138.0.16,1170.0612947940826,0,53
0.8365276715611454,0.5884717283427944,0.9088562593501077,0.6557777777777778,0.8467075820730213,0.6452,21.725335359573364,False,,,54,d09c0_00002,abb406b6aeb74c7e95b2ccb14bcda2dc,2021-12-05_13-04-29,1638709469,1191.786630153656,1950,nb-test,10.138.0.16,1191.786630153656,0,54
0.8849486032860476,0.779479946781798,0.9157013394711941,0.6572,0.8751664323419731,0.6442,21.85990047454834,False,,,55,d09c0_00002,abb406b6aeb74c7e95b2ccb14bcda2dc,2021-12-05_13-04-51,1638709491,1213.6465306282043,1950,nb-test,10.138.0.16,1213.6465306282043,0,55
0.8171830890894618,0.7655658098913942,0.8322337460560574,0.6605555555555556,0.8342670373376594,0.6484,22.324399709701538,False,,,56,d09c0_00002,abb406b6aeb74c7e95b2ccb14bcda2dc,2021-12-05_13-05-13,1638709513,1235.9709303379059,1950,nb-test,10.138.0.16,1235.9709303379059,0,56
0.802731517939163,0.7980877234043725,0.8040855637093455,0.6618222222222222,0.8536015172252089,0.646,22.316280841827393,False,,,57,d09c0_00002,abb406b6aeb74c7e95b2ccb14bcda2dc,2021-12-05_13-05-36,1638709536,1258.2872111797333,1950,nb-test,10.138.0.16,1258.2872111797333,0,57
0.8711835736934461,0.667395158382648,0.9306045579115353,0.6614444444444444,0.8299310697514396,0.6576,22.13435649871826,False,,,58,d09c0_00002,abb406b6aeb74c7e95b2ccb14bcda2dc,2021-12-05_13-05-58,1638709558,1280.4215676784515,1950,nb-test,10.138.0.16,1280.4215676784515,0,58
0.758202920152303,0.5648322490053903,0.8145862802218043,0.6673777777777777,0.8313446011636243,0.6488,22.088412046432495,False,,,59,d09c0_00002,abb406b6aeb74c7e95b2ccb14bcda2dc,2021-12-05_13-06-20,1638709580,1302.509979724884,1950,nb-test,10.138.0.16,1302.509979724884,0,59
0.8524296357195181,0.7196652261119317,0.8911413155565919,0.6616888888888889,0.8133428871569295,0.6602,22.039499521255493,False,,,60,d09c0_00002,abb406b6aeb74c7e95b2ccb14bcda2dc,2021-12-05_13-06-42,1638709602,1324.5494792461395,1950,nb-test,10.138.0.16,1324.5494792461395,0,60
0.8162636906361209,0.6369927914028102,0.8685358144359898,0.6652,0.8816651093424541,0.6382,22.10103964805603,False,,,61,d09c0_00002,abb406b6aeb74c7e95b2ccb14bcda2dc,2021-12-05_13-07-04,1638709624,1346.6505188941956,1950,nb-test,10.138.0.16,1346.6505188941956,0,61
0.7548959205376995,0.7666828347853946,0.751459071370273,0.6672666666666667,0.8463681043287976,0.652,22.029176950454712,False,,,62,d09c0_00002,abb406b6aeb74c7e95b2ccb14bcda2dc,2021-12-05_13-07-26,1638709646,1368.6796958446503,1950,nb-test,10.138.0.16,1368.6796958446503,0,62
0.7369144952398067,0.6555632624232938,0.76063503064875,0.6651333333333334,0.8619034811761092,0.6504,21.97905969619751,False,,,63,d09c0_00002,abb406b6aeb74c7e95b2ccb14bcda2dc,2021-12-05_13-07-48,1638709668,1390.6587555408478,1950,nb-test,10.138.0.16,1390.6587555408478,0,63
0.7878963466273429,0.7113918888567552,0.8102036508520045,0.6637777777777778,0.8614633034520317,0.6436,21.716080904006958,False,,,64,d09c0_00002,abb406b6aeb74c7e95b2ccb14bcda2dc,2021-12-05_13-08-10,1638709690,1412.3748364448547,1950,nb-test,10.138.0.16,1412.3748364448547,0,64
0.7700245811788904,0.8369232463044968,0.7505181508522341,0.6720888888888888,0.8200468163212677,0.6542,22.30171823501587,False,,,65,d09c0_00002,abb406b6aeb74c7e95b2ccb14bcda2dc,2021-12-05_13-08-32,1638709712,1434.6765546798706,1950,nb-test,10.138.0.16,1434.6765546798706,0,65
0.842243793284337,0.884370450730646,0.8299604284843312,0.6679333333333334,0.806173055244508,0.6708,21.95705008506775,False,,,66,d09c0_00002,abb406b6aeb74c7e95b2ccb14bcda2dc,2021-12-05_13-08-54,1638709734,1456.6336047649384,1950,nb-test,10.138.0.16,1456.6336047649384,0,66
0.8024771285913656,0.7410809420420531,0.8203791365462021,0.6685777777777778,0.8267400318858021,0.6546,21.876025915145874,False,,,67,d09c0_00002,abb406b6aeb74c7e95b2ccb14bcda2dc,2021-12-05_13-09-16,1638709756,1478.5096306800842,1950,nb-test,10.138.0.16,1478.5096306800842,0,67
0.725841925269543,0.6958963202936581,0.7345735173865888,0.6711777777777778,0.8501352215568754,0.6552,22.22245454788208,False,,,68,d09c0_00002,abb406b6aeb74c7e95b2ccb14bcda2dc,2021-12-05_13-09-38,1638709778,1500.7320852279663,1950,nb-test,10.138.0.16,1500.7320852279663,0,68
0.7790757713725308,0.7791215758855126,0.7790624156121531,0.6671555555555555,0.8384589674897008,0.654,22.36177659034729,False,,,69,d09c0_00002,abb406b6aeb74c7e95b2ccb14bcda2dc,2021-12-05_13-10-00,1638709800,1523.0938618183136,1950,nb-test,10.138.0.16,1523.0938618183136,0,69
0.7732064471441392,0.8106208768955186,0.7622970819753939,0.6712,0.8508184335062892,0.6496,22.256078720092773,False,,,70,d09c0_00002,abb406b6aeb74c7e95b2ccb14bcda2dc,2021-12-05_13-10-23,1638709823,1545.3499405384064,1950,nb-test,10.138.0.16,1545.3499405384064,0,70
0.7314067049253143,0.7056304025599509,0.7389226044611993,0.6703555555555556,0.818624121935736,0.6478,22.016830682754517,False,,,71,d09c0_00002,abb406b6aeb74c7e95b2ccb14bcda2dc,2021-12-05_13-10-45,1638709845,1567.366771221161,1950,nb-test,10.138.0.16,1567.366771221161,0,71
0.7101215662295272,0.6572952039687677,0.7255247697600531,0.6709555555555555,0.8297829461145713,0.6556,21.768154621124268,False,,,72,d09c0_00002,abb406b6aeb74c7e95b2ccb14bcda2dc,2021-12-05_13-11-06,1638709866,1589.1349258422852,1950,nb-test,10.138.0.16,1589.1349258422852,0,72
0.7757515052681155,0.8336913137875605,0.7588573140925166,0.6759333333333334,0.8027513097583402,0.661,21.802715301513672,False,,,73,d09c0_00002,abb406b6aeb74c7e95b2ccb14bcda2dc,2021-12-05_13-11-28,1638709888,1610.9376411437988,1950,nb-test,10.138.0.16,1610.9376411437988,0,73
0.8683940843940082,0.7422438302392371,0.905177197162251,0.6783777777777777,0.7978500618283717,0.661,21.792495012283325,False,,,74,d09c0_00002,abb406b6aeb74c7e95b2ccb14bcda2dc,2021-12-05_13-11-50,1638709910,1632.7301361560822,1950,nb-test,10.138.0.16,1632.7301361560822,0,74
0.6675293171640813,0.6040513158193225,0.686038344334984,0.6748222222222222,0.8256200488143212,0.6544,21.99654459953308,False,,,75,d09c0_00002,abb406b6aeb74c7e95b2ccb14bcda2dc,2021-12-05_13-12-12,1638709932,1654.7266807556152,1950,nb-test,10.138.0.16,1654.7266807556152,0,75
0.6996339207663737,0.43308041698661187,0.7773560597663618,0.6750888888888888,0.8196868201644935,0.6662,21.649053812026978,False,,,76,d09c0_00002,abb406b6aeb74c7e95b2ccb14bcda2dc,2021-12-05_13-12-34,1638709954,1676.3757345676422,1950,nb-test,10.138.0.16,1676.3757345676422,0,76
0.722008285662533,0.48322254026801303,0.7916338528811234,0.6751777777777778,0.7830293868385033,0.6744,22.357064723968506,False,,,77,d09c0_00002,abb406b6aeb74c7e95b2ccb14bcda2dc,2021-12-05_13-12-56,1638709976,1698.7327992916107,1950,nb-test,10.138.0.16,1698.7327992916107,0,77
0.8104625958822086,0.549658438013382,0.8865083304991662,0.6751111111111111,0.838377786204179,0.6454,22.05383539199829,False,,,78,d09c0_00002,abb406b6aeb74c7e95b2ccb14bcda2dc,2021-12-05_13-13-18,1638709998,1720.786634683609,1950,nb-test,10.138.0.16,1720.786634683609,0,78
0.7005778620586437,0.7568409383123549,0.6841725754233158,0.6780666666666667,0.8020227970307623,0.6584,22.729385375976562,False,,,79,d09c0_00002,abb406b6aeb74c7e95b2ccb14bcda2dc,2021-12-05_13-13-41,1638710021,1743.5160200595856,1950,nb-test,10.138.0.16,1743.5160200595856,0,79
0.6854726103353436,0.5722317881934399,0.7184915682337856,0.6774444444444444,0.7979412254591284,0.6632,22.083768367767334,False,,,80,d09c0_00002,abb406b6aeb74c7e95b2ccb14bcda2dc,2021-12-05_13-14-03,1638710043,1765.599788427353,1950,nb-test,10.138.0.16,1765.599788427353,0,80
0.7065135519694983,0.7258763434553792,0.7008677152051955,0.6752888888888889,0.7993317348764387,0.659,22.015798568725586,False,,,81,d09c0_00002,abb406b6aeb74c7e95b2ccb14bcda2dc,2021-12-05_13-14-25,1638710065,1787.6155869960785,1950,nb-test,10.138.0.16,1787.6155869960785,0,81
0.6748122881677112,0.6384158043813114,0.685424838863329,0.6772444444444444,0.7951294385994871,0.6646,22.201216220855713,False,,,82,d09c0_00002,abb406b6aeb74c7e95b2ccb14bcda2dc,2021-12-05_13-14-47,1638710087,1809.8168032169342,1950,nb-test,10.138.0.16,1809.8168032169342,0,82
0.7403382283073716,0.534321788198991,0.8004088639108566,0.6769777777777778,0.7928676835762102,0.6628,22.0841543674469,False,,,83,d09c0_00002,abb406b6aeb74c7e95b2ccb14bcda2dc,2021-12-05_13-15-09,1638710109,1831.900957584381,1950,nb-test,10.138.0.16,1831.900957584381,0,83
0.8185182646321988,0.8534634573499836,0.8083288839364661,0.6779777777777778,0.7788072341694902,0.667,21.86489963531494,False,,,84,d09c0_00002,abb406b6aeb74c7e95b2ccb14bcda2dc,2021-12-05_13-15-31,1638710131,1853.765857219696,1950,nb-test,10.138.0.16,1853.765857219696,0,84
0.7657116642998196,0.6557472614289109,0.7977752781101456,0.6811111111111111,0.7755703480514414,0.665,22.124149322509766,False,,,85,d09c0_00002,abb406b6aeb74c7e95b2ccb14bcda2dc,2021-12-05_13-15-53,1638710153,1875.8900065422058,1950,nb-test,10.138.0.16,1875.8900065422058,0,85
0.6360500072485124,0.338277139789768,0.72287514316635,0.6804666666666667,0.8032138691254221,0.665,21.843022346496582,False,,,86,d09c0_00002,abb406b6aeb74c7e95b2ccb14bcda2dc,2021-12-05_13-16-15,1638710175,1897.7330288887024,1950,nb-test,10.138.0.16,1897.7330288887024,0,86
0.7982816902144964,0.9173334832679676,0.7635683592070567,0.6781111111111111,0.7624587263894933,0.672,22.45418953895569,False,,,87,d09c0_00002,abb406b6aeb74c7e95b2ccb14bcda2dc,2021-12-05_13-16-38,1638710198,1920.187218427658,1950,nb-test,10.138.0.16,1920.187218427658,0,87
0.8097148397794347,0.7809600047779774,0.8180992250950052,0.6812222222222222,0.801397129380425,0.6562,22.08420991897583,False,,,88,d09c0_00002,abb406b6aeb74c7e95b2ccb14bcda2dc,2021-12-05_13-17-00,1638710220,1942.271428346634,1950,nb-test,10.138.0.16,1942.271428346634,0,88
0.6815558298253794,0.7746307997188258,0.6544168665594713,0.6849333333333333,0.7779126798475811,0.6756,21.996315240859985,False,,,89,d09c0_00002,abb406b6aeb74c7e95b2ccb14bcda2dc,2021-12-05_13-17-22,1638710242,1964.267743587494,1950,nb-test,10.138.0.16,1964.267743587494,0,89
0.7183771837178496,0.46570500754339417,0.7920517808234525,0.6826,0.7658822132716551,0.6722,22.134269952774048,False,,,90,d09c0_00002,abb406b6aeb74c7e95b2ccb14bcda2dc,2021-12-05_13-17-44,1638710264,1986.402013540268,1950,nb-test,10.138.0.16,1986.402013540268,0,90
0.7075284500405783,0.4514161594537925,0.7822061217512406,0.6814444444444444,0.7979597108836417,0.6682,22.180453300476074,False,,,91,d09c0_00002,abb406b6aeb74c7e95b2ccb14bcda2dc,2021-12-05_13-18-06,1638710286,2008.582466840744,1950,nb-test,10.138.0.16,2008.582466840744,0,91
0.7700905897867203,0.6561918036141379,0.8033013979933534,0.6811333333333334,0.7740352360696179,0.6702,21.709905862808228,False,,,92,d09c0_00002,abb406b6aeb74c7e95b2ccb14bcda2dc,2021-12-05_13-18-28,1638710308,2030.2923727035522,1950,nb-test,10.138.0.16,2030.2923727035522,0,92
0.73930821467792,0.786008860905386,0.7256911581920314,0.6844666666666667,0.7903679154595701,0.664,22.117659330368042,False,,,93,d09c0_00002,abb406b6aeb74c7e95b2ccb14bcda2dc,2021-12-05_13-18-50,1638710330,2052.4100320339203,1950,nb-test,10.138.0.16,2052.4100320339203,0,93
0.7406026174900612,0.6954749024498452,0.7537610359365353,0.6852666666666667,0.7987935595672687,0.6684,22.138145208358765,False,,,94,d09c0_00002,abb406b6aeb74c7e95b2ccb14bcda2dc,2021-12-05_13-19-12,1638710352,2074.548177242279,1950,nb-test,10.138.0.16,2074.548177242279,0,94
0.7898892009719378,0.7349963901055566,0.8058949432178997,0.6847777777777778,0.77132837941366,0.6822,21.97168779373169,False,,,95,d09c0_00002,abb406b6aeb74c7e95b2ccb14bcda2dc,2021-12-05_13-19-34,1638710374,2096.5198650360107,1950,nb-test,10.138.0.16,2096.5198650360107,0,95
0.6927376487766971,0.6023822920404431,0.719083622459531,0.6858888888888889,0.7940094219778674,0.6652,22.3367862701416,False,,,96,d09c0_00002,abb406b6aeb74c7e95b2ccb14bcda2dc,2021-12-05_13-19-56,1638710396,2118.8566513061523,1950,nb-test,10.138.0.16,2118.8566513061523,0,96
0.7675150856743405,0.6525558072357134,0.8010351140793234,0.6857555555555556,0.7692751207575462,0.6742,21.966269493103027,False,,,97,d09c0_00002,abb406b6aeb74c7e95b2ccb14bcda2dc,2021-12-05_13-20-18,1638710418,2140.8229207992554,1950,nb-test,10.138.0.16,2140.8229207992554,0,97
0.7274118092897676,0.7278653366073691,0.7272795689975963,0.6893111111111111,0.8030673168999817,0.6524,21.885477542877197,False,,,98,d09c0_00002,abb406b6aeb74c7e95b2ccb14bcda2dc,2021-12-05_13-20-40,1638710440,2162.7083983421326,1950,nb-test,10.138.0.16,2162.7083983421326,0,98
0.7168136229444999,0.7088716770311574,0.7191293494889057,0.6891555555555555,0.7589308123914243,0.674,22.082037925720215,False,,,99,d09c0_00002,abb406b6aeb74c7e95b2ccb14bcda2dc,2021-12-05_13-21-02,1638710462,2184.790436267853,1950,nb-test,10.138.0.16,2184.790436267853,0,99
0.6665752709795977,0.52528840329515,0.7077719441177488,0.6897777777777778,0.755706614967116,0.6756,21.8863742351532,False,,,100,d09c0_00002,abb406b6aeb74c7e95b2ccb14bcda2dc,2021-12-05_13-21-24,1638710484,2206.676810503006,1950,nb-test,10.138.0.16,2206.676810503006,0,100
0.7478733404415369,0.7003132938314273,0.7617409824010696,0.6927111111111112,0.7303831308286489,0.6852,22.025405645370483,False,,,101,d09c0_00002,abb406b6aeb74c7e95b2ccb14bcda2dc,2021-12-05_13-21-46,1638710506,2228.7022161483765,1950,nb-test,10.138.0.16,2228.7022161483765,0,101
0.7466572689731806,0.7140599148681379,0.7561620627607619,0.6900888888888889,0.8083990448740276,0.6594,21.990642070770264,False,,,102,d09c0_00002,abb406b6aeb74c7e95b2ccb14bcda2dc,2021-12-05_13-22-08,1638710528,2250.6928582191467,1950,nb-test,10.138.0.16,2250.6928582191467,0,102
0.7237525146823762,0.6091375978850032,0.7571721335149155,0.6882444444444444,0.7572248261411169,0.6768,22.250283241271973,False,,,103,d09c0_00002,abb406b6aeb74c7e95b2ccb14bcda2dc,2021-12-05_13-22-30,1638710550,2272.9431414604187,1950,nb-test,10.138.0.16,2272.9431414604187,0,103
0.7899839386069334,0.7431046693319789,0.8036530783148721,0.6939333333333333,0.762909006815076,0.679,22.090840816497803,False,,,104,d09c0_00002,abb406b6aeb74c7e95b2ccb14bcda2dc,2021-12-05_13-22-52,1638710572,2295.0339822769165,1950,nb-test,10.138.0.16,2295.0339822769165,0,104
0.7746556314902878,0.691383275204943,0.7989363314559259,0.6929111111111111,0.7488198519846493,0.6734,22.020704746246338,False,,,105,d09c0_00002,abb406b6aeb74c7e95b2ccb14bcda2dc,2021-12-05_13-23-14,1638710594,2317.054687023163,1950,nb-test,10.138.0.16,2317.054687023163,0,105
0.6653725694047543,0.6674772199146911,0.664758891710932,0.6965333333333333,0.7349933357601872,0.687,22.150038719177246,False,,,106,d09c0_00002,abb406b6aeb74c7e95b2ccb14bcda2dc,2021-12-05_13-23-37,1638710617,2339.20472574234,1950,nb-test,10.138.0.16,2339.20472574234,0,106
0.6743644066799453,0.6508691533095279,0.6812151939417939,0.6932,0.7508727780717932,0.6758,21.75816798210144,False,,,107,d09c0_00002,abb406b6aeb74c7e95b2ccb14bcda2dc,2021-12-05_13-23-58,1638710638,2360.9628937244415,1950,nb-test,10.138.0.16,2360.9628937244415,0,107
0.7678686363268613,0.8457482563023883,0.7451603598901521,0.6930222222222222,0.7449970500553925,0.6796,22.125192880630493,False,,,108,d09c0_00002,abb406b6aeb74c7e95b2ccb14bcda2dc,2021-12-05_13-24-20,1638710660,2383.088086605072,1950,nb-test,10.138.0.16,2383.088086605072,0,108
0.6955665174255523,0.6456535015435289,0.7101202422998523,0.6961555555555555,0.7297362490184006,0.6854,21.796836376190186,False,,,109,d09c0_00002,abb406b6aeb74c7e95b2ccb14bcda2dc,2021-12-05_13-24-42,1638710682,2404.884922981262,1950,nb-test,10.138.0.16,2404.884922981262,0,109
0.6947488159792315,0.6043325993323879,0.7211125353017327,0.695,0.7443074075099178,0.6752,21.885056257247925,False,,,110,d09c0_00002,abb406b6aeb74c7e95b2ccb14bcda2dc,2021-12-05_13-25-04,1638710704,2426.76997923851,1950,nb-test,10.138.0.16,2426.76997923851,0,110
0.6971072179717439,0.5855059683540802,0.7296481064326331,0.6966888888888889,0.7535542615063868,0.6812,22.1390278339386,False,,,111,d09c0_00002,abb406b6aeb74c7e95b2ccb14bcda2dc,2021-12-05_13-25-26,1638710726,2448.9090070724487,1950,nb-test,10.138.0.16,2448.9090070724487,0,111
0.7815551240507521,0.5901664615657927,0.8373605665519643,0.6943111111111111,0.743067405185021,0.6798,22.0648992061615,False,,,112,d09c0_00002,abb406b6aeb74c7e95b2ccb14bcda2dc,2021-12-05_13-25-48,1638710748,2470.9739062786102,1950,nb-test,10.138.0.16,2470.9739062786102,0,112
0.6644138589732824,0.3314708498372475,0.7614939665997278,0.6967111111111111,0.7471932224114683,0.6748,22.069652318954468,False,,,113,d09c0_00002,abb406b6aeb74c7e95b2ccb14bcda2dc,2021-12-05_13-26-10,1638710770,2493.0435585975647,1950,nb-test,10.138.0.16,2493.0435585975647,0,113
0.6985156280077303,0.6185013600829536,0.7218463288443251,0.6953777777777778,0.7358786431350594,0.684,21.73872184753418,False,,,114,d09c0_00002,abb406b6aeb74c7e95b2ccb14bcda2dc,2021-12-05_13-26-32,1638710792,2514.782280445099,1950,nb-test,10.138.0.16,2514.782280445099,0,114
0.6291039513245812,0.5196645280060268,0.6610144906745767,0.6977777777777778,0.7385866234937596,0.6814,22.444942474365234,False,,,115,d09c0_00002,abb406b6aeb74c7e95b2ccb14bcda2dc,2021-12-05_13-26-55,1638710815,2537.227222919464,1950,nb-test,10.138.0.16,2537.227222919464,0,115
0.7247967946245925,0.5956246933483825,0.7624610228862674,0.6944666666666667,0.7300799325599047,0.6808,21.87196445465088,False,,,116,d09c0_00002,abb406b6aeb74c7e95b2ccb14bcda2dc,2021-12-05_13-27-16,1638710836,2559.099187374115,1950,nb-test,10.138.0.16,2559.099187374115,0,116
0.7696689761658547,0.6591896993673296,0.8018827178206916,0.6973111111111111,0.7211422291088333,0.6906,22.210988521575928,False,,,117,d09c0_00002,abb406b6aeb74c7e95b2ccb14bcda2dc,2021-12-05_13-27-39,1638710859,2581.310175895691,1950,nb-test,10.138.0.16,2581.310175895691,0,117
0.6061668919035048,0.554196055743324,0.6213206396303583,0.6981333333333334,0.7223758990770354,0.686,21.522063493728638,False,,,118,d09c0_00002,abb406b6aeb74c7e95b2ccb14bcda2dc,2021-12-05_13-28-00,1638710880,2602.8322393894196,1950,nb-test,10.138.0.16,2602.8322393894196,0,118
0.75896226044802,0.6189220585929581,0.7997954285730888,0.6980666666666666,0.7494702026768278,0.6788,22.070987224578857,False,,,119,d09c0_00002,abb406b6aeb74c7e95b2ccb14bcda2dc,2021-12-05_13-28-22,1638710902,2624.9032266139984,1950,nb-test,10.138.0.16,2624.9032266139984,0,119
0.6878243314746579,0.7445677296352519,0.6712789917337352,0.6992666666666667,0.726594800028023,0.687,21.815842151641846,False,,,120,d09c0_00002,abb406b6aeb74c7e95b2ccb14bcda2dc,2021-12-05_13-28-44,1638710924,2646.7190687656403,1950,nb-test,10.138.0.16,2646.7190687656403,0,120
0.5790217266732811,0.5275034001672195,0.5940435308400697,0.7008888888888889,0.7505230370177182,0.6718,22.441875457763672,False,,,121,d09c0_00002,abb406b6aeb74c7e95b2ccb14bcda2dc,2021-12-05_13-29-07,1638710947,2669.160944223404,1950,nb-test,10.138.0.16,2669.160944223404,0,121
0.6053300455118233,0.48340735783932837,0.6408804770167991,0.6995777777777777,0.7368096172658579,0.6842,22.600938081741333,False,,,122,d09c0_00002,abb406b6aeb74c7e95b2ccb14bcda2dc,2021-12-05_13-29-29,1638710969,2691.7618823051453,1950,nb-test,10.138.0.16,2691.7618823051453,0,122
0.755775137626639,0.697001463972521,0.7729124686634112,0.7005777777777777,0.7455404281475678,0.6842,21.95339584350586,False,,,123,d09c0_00002,abb406b6aeb74c7e95b2ccb14bcda2dc,2021-12-05_13-29-51,1638710991,2713.715278148651,1950,nb-test,10.138.0.16,2713.715278148651,0,123
0.6669556280479418,0.6026537606082504,0.6857048795424404,0.6986444444444444,0.7483345388150271,0.6728,22.10284686088562,False,,,124,d09c0_00002,abb406b6aeb74c7e95b2ccb14bcda2dc,2021-12-05_13-30-13,1638711013,2735.8181250095367,1950,nb-test,10.138.0.16,2735.8181250095367,0,124
0.8543924003955897,0.706156122342302,0.8976153948200714,0.6964888888888889,0.7447227921670467,0.6752,21.893324375152588,False,,,125,d09c0_00002,abb406b6aeb74c7e95b2ccb14bcda2dc,2021-12-05_13-30-35,1638711035,2757.7114493846893,1950,nb-test,10.138.0.16,2757.7114493846893,0,125
0.6639613508334814,0.4946322281353847,0.713334633962266,0.6997555555555556,0.7267170793982196,0.6848,21.940500020980835,False,,,126,d09c0_00002,abb406b6aeb74c7e95b2ccb14bcda2dc,2021-12-05_13-30-57,1638711057,2779.65194940567,1950,nb-test,10.138.0.16,2779.65194940567,0,126
0.7052320988554247,0.5331582869352537,0.755405683290343,0.7028888888888889,0.7345386724373617,0.6818,21.5936381816864,False,,,127,d09c0_00002,abb406b6aeb74c7e95b2ccb14bcda2dc,2021-12-05_13-31-19,1638711079,2801.2455875873566,1950,nb-test,10.138.0.16,2801.2455875873566,0,127
0.6170571553329323,0.5335834494175752,0.641396565177486,0.6967111111111111,0.7454635198241576,0.68,22.050219774246216,False,,,128,d09c0_00002,abb406b6aeb74c7e95b2ccb14bcda2dc,2021-12-05_13-31-41,1638711101,2823.295807361603,1950,nb-test,10.138.0.16,2823.295807361603,0,128
0.6277339297289206,0.5672901755618326,0.6453582257762055,0.7013777777777778,0.7247382240722487,0.6824,21.918035745620728,False,,,129,d09c0_00002,abb406b6aeb74c7e95b2ccb14bcda2dc,2021-12-05_13-32-03,1638711123,2845.2138431072235,1950,nb-test,10.138.0.16,2845.2138431072235,0,129
0.6260239486461402,0.5770485303671058,0.6403042871638843,0.6991777777777778,0.7404408698613424,0.6776,21.94170618057251,False,,,130,d09c0_00002,abb406b6aeb74c7e95b2ccb14bcda2dc,2021-12-05_13-32-24,1638711144,2867.155549287796,1950,nb-test,10.138.0.16,2867.155549287796,0,130
0.6887443812512098,0.7166614206815091,0.6806042818403892,0.6976888888888889,0.7189922205144909,0.6828,22.285231590270996,False,,,131,d09c0_00002,abb406b6aeb74c7e95b2ccb14bcda2dc,2021-12-05_13-32-47,1638711167,2889.440780878067,1950,nb-test,10.138.0.16,2889.440780878067,0,131
0.6863020273486151,0.6026314934238569,0.7106988286500014,0.7000222222222222,0.7211710123286355,0.6864,22.186134338378906,False,,,132,d09c0_00002,abb406b6aeb74c7e95b2ccb14bcda2dc,2021-12-05_13-33-09,1638711189,2911.626915216446,1950,nb-test,10.138.0.16,2911.626915216446,0,132
0.6488417729049549,0.663077970878492,0.6446907572850481,0.6958,0.758445033911239,0.6706,22.276437282562256,False,,,133,d09c0_00002,abb406b6aeb74c7e95b2ccb14bcda2dc,2021-12-05_13-33-31,1638711211,2933.903352499008,1950,nb-test,10.138.0.16,2933.903352499008,0,133
0.6538318396543791,0.5236742396478578,0.6917834213674834,0.7009333333333333,0.7273704363546453,0.6868,21.925225257873535,False,,,134,d09c0_00002,abb406b6aeb74c7e95b2ccb14bcda2dc,2021-12-05_13-33-53,1638711233,2955.8285777568817,1950,nb-test,10.138.0.16,2955.8285777568817,0,134
0.7362738836232339,0.6459178827657538,0.7626200451200668,0.6988666666666666,0.7174578773588599,0.6904,22.031583309173584,False,,,135,d09c0_00002,abb406b6aeb74c7e95b2ccb14bcda2dc,2021-12-05_13-34-15,1638711255,2977.8601610660553,1950,nb-test,10.138.0.16,2977.8601610660553,0,135
0.5541032253503557,0.44700650055017915,0.5853306765499477,0.7016,0.7409435112847733,0.6778,22.627342224121094,False,,,136,d09c0_00002,abb406b6aeb74c7e95b2ccb14bcda2dc,2021-12-05_13-34-38,1638711278,3000.4875032901764,1950,nb-test,10.138.0.16,3000.4875032901764,0,136
0.7148434293886282,0.7826271441791514,0.6950789347255321,0.7021333333333334,0.7377949700559311,0.6714,21.773207664489746,False,,,137,d09c0_00002,abb406b6aeb74c7e95b2ccb14bcda2dc,2021-12-05_13-35-00,1638711300,3022.260710954666,1950,nb-test,10.138.0.16,3022.260710954666,0,137
0.6904937302356013,0.5002512597484164,0.7459649640600989,0.7016222222222223,0.7421358788249023,0.6804,22.110011100769043,False,,,138,d09c0_00002,abb406b6aeb74c7e95b2ccb14bcda2dc,2021-12-05_13-35-22,1638711322,3044.370722055435,1950,nb-test,10.138.0.16,3044.370722055435,0,138
0.6893710493060556,0.5296666473751139,0.7359379394417127,0.7033333333333334,0.7475029424214753,0.6766,22.074944257736206,False,,,139,d09c0_00002,abb406b6aeb74c7e95b2ccb14bcda2dc,2021-12-05_13-35-44,1638711344,3066.4456663131714,1950,nb-test,10.138.0.16,3066.4456663131714,0,139
0.5395357075523252,0.6469731973984257,0.5082088954818752,0.7024666666666667,0.7124929253533119,0.6892,21.700870990753174,False,,,140,d09c0_00002,abb406b6aeb74c7e95b2ccb14bcda2dc,2021-12-05_13-36-05,1638711365,3088.1465373039246,1950,nb-test,10.138.0.16,3088.1465373039246,0,140
0.6364118794799523,0.6839542540924642,0.6225493903525298,0.7020666666666666,0.7389743043080225,0.6794,21.690996408462524,False,,,141,d09c0_00002,abb406b6aeb74c7e95b2ccb14bcda2dc,2021-12-05_13-36-27,1638711387,3109.837533712387,1950,nb-test,10.138.0.16,3109.837533712387,0,141
0.604885894206372,0.589722851331905,0.6093071608910748,0.7016,0.7014160044038543,0.6876,22.237306594848633,False,,,142,d09c0_00002,abb406b6aeb74c7e95b2ccb14bcda2dc,2021-12-05_13-36-49,1638711409,3132.0748403072357,1950,nb-test,10.138.0.16,3132.0748403072357,0,142
0.6549887942005559,0.558623794973132,0.6830870700006595,0.7013777777777778,0.7087451488338512,0.6966,21.936753273010254,False,,,143,d09c0_00002,abb406b6aeb74c7e95b2ccb14bcda2dc,2021-12-05_13-37-11,1638711431,3154.011593580246,1950,nb-test,10.138.0.16,3154.011593580246,0,143
0.7706597473655193,0.6291482409090899,0.8119219210715224,0.6990222222222222,0.7351995847038661,0.6832,22.051505088806152,False,,,144,d09c0_00002,abb406b6aeb74c7e95b2ccb14bcda2dc,2021-12-05_13-37-33,1638711453,3176.063098669052,1950,nb-test,10.138.0.16,3176.063098669052,0,144
0.6688067395824726,0.6153763072667459,0.6843860789210514,0.7044222222222222,0.7111038658311535,0.6886,22.298814058303833,False,,,145,d09c0_00002,abb406b6aeb74c7e95b2ccb14bcda2dc,2021-12-05_13-37-56,1638711476,3198.361912727356,1950,nb-test,10.138.0.16,3198.361912727356,0,145
0.5684544851870315,0.6100007895534925,0.5563403407577999,0.7066222222222223,0.7248911824531703,0.6824,21.92518973350525,False,,,146,d09c0_00002,abb406b6aeb74c7e95b2ccb14bcda2dc,2021-12-05_13-38-18,1638711498,3220.287102460861,1950,nb-test,10.138.0.16,3220.287102460861,0,146
0.6265712977812519,0.6204244992977614,0.628363592083763,0.7032444444444444,0.7531558642920975,0.676,22.083439350128174,False,,,147,d09c0_00002,abb406b6aeb74c7e95b2ccb14bcda2dc,2021-12-05_13-38-40,1638711520,3242.3705418109894,1950,nb-test,10.138.0.16,3242.3705418109894,0,147
0.7177387372018577,0.6744288658067148,0.7303671056041209,0.7008222222222222,0.7355949045763648,0.6858,22.1563880443573,False,,,148,d09c0_00002,abb406b6aeb74c7e95b2ccb14bcda2dc,2021-12-05_13-39-02,1638711542,3264.5269298553467,1950,nb-test,10.138.0.16,3264.5269298553467,0,148
0.6993786954443493,0.4292732757437564,0.7781365083296945,0.7033333333333334,0.7042721144172012,0.6904,22.0191707611084,False,,,149,d09c0_00002,abb406b6aeb74c7e95b2ccb14bcda2dc,2021-12-05_13-39-24,1638711564,3286.546100616455,1950,nb-test,10.138.0.16,3286.546100616455,0,149
0.6183032339283397,0.3024159137100573,0.7104102138111656,0.7067777777777777,0.6997307385439436,0.6884,22.271610260009766,False,,,150,d09c0_00002,abb406b6aeb74c7e95b2ccb14bcda2dc,2021-12-05_13-39-46,1638711586,3308.817710876465,1950,nb-test,10.138.0.16,3308.817710876465,0,150
0.772229520578458,0.683065257698733,0.7982281930217048,0.7036666666666667,0.7289359184619063,0.6904,22.095990896224976,False,,,151,d09c0_00002,abb406b6aeb74c7e95b2ccb14bcda2dc,2021-12-05_13-40-08,1638711608,3330.91370177269,1950,nb-test,10.138.0.16,3330.91370177269,0,151
0.6018288285305403,0.6024583556474834,0.6016452699076236,0.7096444444444444,0.7079544269169126,0.691,22.37672233581543,False,,,152,d09c0_00002,abb406b6aeb74c7e95b2ccb14bcda2dc,2021-12-05_13-40-31,1638711631,3353.2904241085052,1950,nb-test,10.138.0.16,3353.2904241085052,0,152
0.7006558159414573,0.6047692630641455,0.7286145855141059,0.7059111111111112,0.715691480720544,0.69,22.15740942955017,False,,,153,d09c0_00002,abb406b6aeb74c7e95b2ccb14bcda2dc,2021-12-05_13-40-53,1638711653,3375.4478335380554,1950,nb-test,10.138.0.16,3375.4478335380554,0,153
0.6197731848289303,0.8132706472170824,0.5633528547465203,0.7080222222222222,0.7282562297984702,0.685,21.801820755004883,False,,,154,d09c0_00002,abb406b6aeb74c7e95b2ccb14bcda2dc,2021-12-05_13-41-15,1638711675,3397.2496542930603,1950,nb-test,10.138.0.16,3397.2496542930603,0,154
0.5831659525311637,0.6485913516602562,0.5640890996924844,0.7062888888888889,0.7252752089833746,0.6842,21.696905612945557,False,,,155,d09c0_00002,abb406b6aeb74c7e95b2ccb14bcda2dc,2021-12-05_13-41-36,1638711696,3418.946559906006,1950,nb-test,10.138.0.16,3418.946559906006,0,155
0.6372156189901262,0.7613672235241353,0.6010152759901843,0.7078,0.7293235818217395,0.69,22.08787488937378,False,,,156,d09c0_00002,abb406b6aeb74c7e95b2ccb14bcda2dc,2021-12-05_13-41-58,1638711718,3441.0344347953796,1950,nb-test,10.138.0.16,3441.0344347953796,0,156
0.6603528002836742,0.5875291703797596,0.6815868422512956,0.7082444444444445,0.706663091789266,0.6882,22.0327570438385,False,,,157,d09c0_00002,abb406b6aeb74c7e95b2ccb14bcda2dc,2021-12-05_13-42-20,1638711740,3463.067191839218,1950,nb-test,10.138.0.16,3463.067191839218,0,157
0.5248306852938274,0.4904361610052416,0.5348595011213791,0.7084444444444444,0.7045737157355443,0.6912,22.010042190551758,False,,,158,d09c0_00002,abb406b6aeb74c7e95b2ccb14bcda2dc,2021-12-05_13-42-42,1638711762,3485.07723402977,1950,nb-test,10.138.0.16,3485.07723402977,0,158
0.6831195601319534,0.5959037466762671,0.7085501002684682,0.7068444444444445,0.7238404205579632,0.691,21.51072669029236,False,,,159,d09c0_00002,abb406b6aeb74c7e95b2ccb14bcda2dc,2021-12-05_13-43-04,1638711784,3506.5879607200623,1950,nb-test,10.138.0.16,3506.5879607200623,0,159
0.6847080469551224,0.7482043119921428,0.6661936944247385,0.7044444444444444,0.6981646472000497,0.6972,22.385009050369263,False,,,160,d09c0_00002,abb406b6aeb74c7e95b2ccb14bcda2dc,2021-12-05_13-43-26,1638711806,3528.9729697704315,1950,nb-test,10.138.0.16,3528.9729697704315,0,160
0.6140326837819398,0.34028212996578233,0.6938533512776582,0.7085111111111111,0.7386209567249791,0.6826,22.085801124572754,False,,,161,d09c0_00002,abb406b6aeb74c7e95b2ccb14bcda2dc,2021-12-05_13-43-48,1638711828,3551.0587708950043,1950,nb-test,10.138.0.16,3551.0587708950043,0,161
0.6737039010640212,0.7070420213843264,0.6639831133617737,0.7077333333333333,0.7280737761092801,0.6876,22.037260055541992,False,,,162,d09c0_00002,abb406b6aeb74c7e95b2ccb14bcda2dc,2021-12-05_13-44-10,1638711850,3573.0960309505463,1950,nb-test,10.138.0.16,3573.0960309505463,0,162
0.6551541068588795,0.4455178347080941,0.7162802194497879,0.7100888888888889,0.7070141799068902,0.692,22.24468970298767,False,,,163,d09c0_00002,abb406b6aeb74c7e95b2ccb14bcda2dc,2021-12-05_13-44-33,1638711873,3595.340720653534,1950,nb-test,10.138.0.16,3595.340720653534,0,163
0.7036649368365288,0.6369419352583077,0.7231201468773752,0.7113555555555555,0.6977262627750426,0.703,22.135166883468628,False,,,164,d09c0_00002,abb406b6aeb74c7e95b2ccb14bcda2dc,2021-12-05_13-44-55,1638711895,3617.4758875370026,1950,nb-test,10.138.0.16,3617.4758875370026,0,164
0.6343707883140578,0.6700254720954808,0.6239745329673259,0.7102222222222222,0.7103064098984255,0.6928,22.023063898086548,False,,,165,d09c0_00002,abb406b6aeb74c7e95b2ccb14bcda2dc,2021-12-05_13-45-17,1638711917,3639.498951435089,1950,nb-test,10.138.0.16,3639.498951435089,0,165
0.6195839493383039,0.5688278523350173,0.6343835012873407,0.7112222222222222,0.6987349202947207,0.6952,21.564706563949585,False,,,166,d09c0_00002,abb406b6aeb74c7e95b2ccb14bcda2dc,2021-12-05_13-45-38,1638711938,3661.0636579990387,1950,nb-test,10.138.0.16,3661.0636579990387,0,166
0.6590583246863911,0.49295934887620296,0.7074897559098263,0.7105111111111111,0.740971854333882,0.6834,21.541817903518677,False,,,167,d09c0_00002,abb406b6aeb74c7e95b2ccb14bcda2dc,2021-12-05_13-46-00,1638711960,3682.6054759025574,1950,nb-test,10.138.0.16,3682.6054759025574,0,167
0.6560192117895411,0.8566032046128125,0.5975325787109367,0.7095777777777778,0.7185466538369338,0.6916,22.059393882751465,False,,,168,d09c0_00002,abb406b6aeb74c7e95b2ccb14bcda2dc,2021-12-05_13-46-22,1638711982,3704.664869785309,1950,nb-test,10.138.0.16,3704.664869785309,0,168
0.6908469587389579,0.576971884500042,0.7240508529783077,0.7054222222222222,0.727388052255557,0.6816,21.8830885887146,False,,,169,d09c0_00002,abb406b6aeb74c7e95b2ccb14bcda2dc,2021-12-05_13-46-44,1638712004,3726.5479583740234,1950,nb-test,10.138.0.16,3726.5479583740234,0,169
0.5918332951841014,0.5777445133020125,0.595941326961035,0.7126888888888889,0.7266094576348084,0.6886,22.066635608673096,False,,,170,d09c0_00002,abb406b6aeb74c7e95b2ccb14bcda2dc,2021-12-05_13-47-06,1638712026,3748.6145939826965,1950,nb-test,10.138.0.16,3748.6145939826965,0,170
0.6705270969038661,0.5802706377895722,0.6968442338443129,0.711,0.7126677700891183,0.6958,21.80067539215088,False,,,171,d09c0_00002,abb406b6aeb74c7e95b2ccb14bcda2dc,2021-12-05_13-47-28,1638712048,3770.4152693748474,1950,nb-test,10.138.0.16,3770.4152693748474,0,171
0.6053238226213866,0.614025817771709,0.6027864795849602,0.7191111111111111,0.7074061925533268,0.6934,22.103008270263672,False,,,172,d09c0_00002,abb406b6aeb74c7e95b2ccb14bcda2dc,2021-12-05_13-47-50,1638712070,3792.518277645111,1950,nb-test,10.138.0.16,3792.518277645111,0,172
0.6333472933046431,0.5542894159292948,0.6563991281043386,0.7122222222222222,0.6877867727994453,0.6978,21.682880401611328,False,,,173,d09c0_00002,abb406b6aeb74c7e95b2ccb14bcda2dc,2021-12-05_13-48-12,1638712092,3814.2011580467224,1950,nb-test,10.138.0.16,3814.2011580467224,0,173
0.6878747835935011,0.625513272483245,0.7060582625800139,0.7085333333333333,0.7056198986061494,0.6952,22.240135431289673,False,,,174,d09c0_00002,abb406b6aeb74c7e95b2ccb14bcda2dc,2021-12-05_13-48-34,1638712114,3836.441293478012,1950,nb-test,10.138.0.16,3836.441293478012,0,174
0.6078162175505522,0.45244014333385685,0.6531210462858764,0.7140444444444445,0.6929013882873489,0.6926,22.217763423919678,False,,,175,d09c0_00002,abb406b6aeb74c7e95b2ccb14bcda2dc,2021-12-05_13-48-56,1638712136,3858.6590569019318,1950,nb-test,10.138.0.16,3858.6590569019318,0,175
0.5574743863883612,0.5261811914085813,0.5665989111666284,0.7133333333333334,0.689084077557197,0.701,21.851628303527832,False,,,176,d09c0_00002,abb406b6aeb74c7e95b2ccb14bcda2dc,2021-12-05_13-49-18,1638712158,3880.5106852054596,1950,nb-test,10.138.0.16,3880.5106852054596,0,176
0.683263714661968,0.7032167728315917,0.677445766900848,0.7135777777777778,0.7089488793354599,0.691,21.837934970855713,False,,,177,d09c0_00002,abb406b6aeb74c7e95b2ccb14bcda2dc,2021-12-05_13-49-40,1638712180,3902.3486201763153,1950,nb-test,10.138.0.16,3902.3486201763153,0,177
0.6345149968941014,0.5254055406424739,0.666329323866929,0.7154222222222222,0.7182208844933643,0.6912,22.17313575744629,False,,,178,d09c0_00002,abb406b6aeb74c7e95b2ccb14bcda2dc,2021-12-05_13-50-02,1638712202,3924.5217559337616,1950,nb-test,10.138.0.16,3924.5217559337616,0,178
0.6325559985011978,0.775955605044252,0.5907432892543079,0.7132444444444445,0.6902216302928764,0.6944,21.758187770843506,False,,,179,d09c0_00002,abb406b6aeb74c7e95b2ccb14bcda2dc,2021-12-05_13-50-24,1638712224,3946.279943704605,1950,nb-test,10.138.0.16,3946.279943704605,0,179
0.5580759363187077,0.421647594945208,0.5978559518180733,0.7164444444444444,0.7062466629995281,0.6888,21.866740703582764,False,,,180,d09c0_00002,abb406b6aeb74c7e95b2ccb14bcda2dc,2021-12-05_13-50-45,1638712245,3968.146684408188,1950,nb-test,10.138.0.16,3968.146684408188,0,180
0.5706655187527534,0.5330492649574072,0.5816337321308689,0.7152888888888889,0.7073106223389961,0.6938,22.1838481426239,False,,,181,d09c0_00002,abb406b6aeb74c7e95b2ccb14bcda2dc,2021-12-05_13-51-08,1638712268,3990.3305325508118,1950,nb-test,10.138.0.16,3990.3305325508118,0,181
0.6073035145578557,0.6718845070780299,0.5884728752819326,0.7133333333333334,0.7261383701584445,0.6906,21.675046682357788,False,,,182,d09c0_00002,abb406b6aeb74c7e95b2ccb14bcda2dc,2021-12-05_13-51-29,1638712289,4012.0055792331696,1950,nb-test,10.138.0.16,4012.0055792331696,0,182
0.7113474483656697,0.6932062318454846,0.7166370961550144,0.7132888888888889,0.6987217000096931,0.6968,21.8825786113739,False,,,183,d09c0_00002,abb406b6aeb74c7e95b2ccb14bcda2dc,2021-12-05_13-51-51,1638712311,4033.8881578445435,1950,nb-test,10.138.0.16,4033.8881578445435,0,183
0.595800941828456,0.6240616364028267,0.587560638846881,0.7114222222222222,0.7029094771796264,0.6964,22.03306269645691,False,,,184,d09c0_00002,abb406b6aeb74c7e95b2ccb14bcda2dc,2021-12-05_13-52-13,1638712333,4055.9212205410004,1950,nb-test,10.138.0.16,4055.9212205410004,0,184
0.589824705241087,0.5440375523426192,0.6031754037369824,0.7148222222222222,0.713643819442876,0.6988,21.645275354385376,False,,,185,d09c0_00002,abb406b6aeb74c7e95b2ccb14bcda2dc,2021-12-05_13-52-35,1638712355,4077.5664958953857,1950,nb-test,10.138.0.16,4077.5664958953857,0,185
0.5768784729565419,0.29483539629348277,0.6591170888349622,0.7168666666666667,0.7177277208886061,0.6936,22.411917209625244,False,,,186,d09c0_00002,abb406b6aeb74c7e95b2ccb14bcda2dc,2021-12-05_13-52-57,1638712377,4099.978413105011,1950,nb-test,10.138.0.16,4099.978413105011,0,186
0.7176216582847338,0.34994972163048904,0.8248280876200139,0.7127777777777777,0.734722713469983,0.6854,22.538098096847534,False,,,187,d09c0_00002,abb406b6aeb74c7e95b2ccb14bcda2dc,2021-12-05_13-53-20,1638712400,4122.5165112018585,1950,nb-test,10.138.0.16,4122.5165112018585,0,187
0.5638029339320049,0.4350048031660966,0.6013581192151727,0.7123555555555555,0.7176728178489954,0.6882,22.69538903236389,False,,,188,d09c0_00002,abb406b6aeb74c7e95b2ccb14bcda2dc,2021-12-05_13-53-43,1638712423,4145.211900234222,1950,nb-test,10.138.0.16,4145.211900234222,0,188
0.6859461122084003,0.46100250620812805,0.7515355641000449,0.7139111111111112,0.7296002538465706,0.6918,22.287565231323242,False,,,189,d09c0_00002,abb406b6aeb74c7e95b2ccb14bcda2dc,2021-12-05_13-54-05,1638712445,4167.499465465546,1950,nb-test,10.138.0.16,4167.499465465546,0,189
0.6773987812617636,0.6374666972597484,0.6890422484807442,0.7144666666666667,0.704747657818785,0.692,21.94927668571472,False,,,190,d09c0_00002,abb406b6aeb74c7e95b2ccb14bcda2dc,2021-12-05_13-54-27,1638712467,4189.44874215126,1950,nb-test,10.138.0.16,4189.44874215126,0,190
0.5354966064425659,0.4132548392597744,0.5711400757118175,0.7186,0.7037281547289829,0.6948,21.722920179367065,False,,,191,d09c0_00002,abb406b6aeb74c7e95b2ccb14bcda2dc,2021-12-05_13-54-49,1638712489,4211.171662330627,1950,nb-test,10.138.0.16,4211.171662330627,0,191
0.7094247507661406,0.5493360662022692,0.7561036907071409,0.7143555555555555,0.6944360464038548,0.6962,22.191767692565918,False,,,192,d09c0_00002,abb406b6aeb74c7e95b2ccb14bcda2dc,2021-12-05_13-55-11,1638712511,4233.363430023193,1950,nb-test,10.138.0.16,4233.363430023193,0,192
0.5547969749078653,0.6877360240921763,0.5160343733561463,0.7166444444444444,0.6754689360870852,0.696,21.932154893875122,False,,,193,d09c0_00002,abb406b6aeb74c7e95b2ccb14bcda2dc,2021-12-05_13-55-33,1638712533,4255.2955849170685,1950,nb-test,10.138.0.16,4255.2955849170685,0,193
0.6361205550636075,0.47068854542177935,0.6843575111197292,0.7153777777777778,0.6871516595666203,0.694,22.070465087890625,False,,,194,d09c0_00002,abb406b6aeb74c7e95b2ccb14bcda2dc,2021-12-05_13-55-55,1638712555,4277.366050004959,1950,nb-test,10.138.0.16,4277.366050004959,0,194
0.6142901449804121,0.4975818055930295,0.6483201676501532,0.7161555555555555,0.6901780583128275,0.6942,22.1754412651062,False,,,195,d09c0_00002,abb406b6aeb74c7e95b2ccb14bcda2dc,2021-12-05_13-56-17,1638712577,4299.541491270065,1950,nb-test,10.138.0.16,4299.541491270065,0,195
0.6427212412543631,0.47715021680390163,0.6909987314926528,0.7174222222222222,0.6938858753431799,0.6918,21.749629259109497,False,,,196,d09c0_00002,abb406b6aeb74c7e95b2ccb14bcda2dc,2021-12-05_13-56-39,1638712599,4321.291120529175,1950,nb-test,10.138.0.16,4321.291120529175,0,196
0.6498015331073479,0.7750288463258121,0.6132875330790373,0.7167111111111111,0.6797440904502192,0.695,21.912965536117554,False,,,197,d09c0_00002,abb406b6aeb74c7e95b2ccb14bcda2dc,2021-12-05_13-57-01,1638712621,4343.204086065292,1950,nb-test,10.138.0.16,4343.204086065292,0,197
0.6091210297747024,0.5322095459407604,0.6315470153741114,0.7170222222222222,0.6819582211285597,0.6948,21.6228768825531,False,,,198,d09c0_00002,abb406b6aeb74c7e95b2ccb14bcda2dc,2021-12-05_13-57-22,1638712642,4364.8269629478455,1950,nb-test,10.138.0.16,4364.8269629478455,0,198
0.5830593129856628,0.5556944782071811,0.5910383995938142,0.7201555555555555,0.6698324010809004,0.7006,22.401224374771118,False,,,199,d09c0_00002,abb406b6aeb74c7e95b2ccb14bcda2dc,2021-12-05_13-57-45,1638712665,4387.228187322617,1950,nb-test,10.138.0.16,4387.228187322617,0,199
0.6805968872170404,0.7059199170118704,0.6732131536937299,0.7160888888888889,0.6799595947945386,0.7002,21.793001174926758,False,,,200,d09c0_00002,abb406b6aeb74c7e95b2ccb14bcda2dc,2021-12-05_13-58-06,1638712686,4409.021188497543,1950,nb-test,10.138.0.16,4409.021188497543,0,200
0.517112844353851,0.6458701941738484,0.47956955005054897,0.7211111111111111,0.6779230580146661,0.6992,22.242137908935547,False,,,201,d09c0_00002,abb406b6aeb74c7e95b2ccb14bcda2dc,2021-12-05_13-58-29,1638712709,4431.263326406479,1950,nb-test,10.138.0.16,4431.263326406479,0,201
0.6322454529754798,0.4138852569709353,0.6959153026126945,0.7178666666666667,0.677107807200158,0.7042,22.17852234840393,False,,,202,d09c0_00002,abb406b6aeb74c7e95b2ccb14bcda2dc,2021-12-05_13-58-51,1638712731,4453.441848754883,1950,nb-test,10.138.0.16,4453.441848754883,0,202
0.6649034479684707,0.7007584734261014,0.6544487766437653,0.7175333333333334,0.6840700266307871,0.6978,21.887489795684814,False,,,203,d09c0_00002,abb406b6aeb74c7e95b2ccb14bcda2dc,2021-12-05_13-59-13,1638712753,4475.329338550568,1950,nb-test,10.138.0.16,4475.329338550568,0,203
0.5440928995811765,0.5008319184693326,0.5567070124687292,0.7198444444444444,0.6954085640902054,0.696,22.367687702178955,False,,,204,d09c0_00002,abb406b6aeb74c7e95b2ccb14bcda2dc,2021-12-05_13-59-35,1638712775,4497.697026252747,1950,nb-test,10.138.0.16,4497.697026252747,0,204
0.6685730671287912,0.6478170112215814,0.6746251543812047,0.7175777777777778,0.6588907429907579,0.7086,22.147423267364502,False,,,205,d09c0_00002,abb406b6aeb74c7e95b2ccb14bcda2dc,2021-12-05_13-59-57,1638712797,4519.844449520111,1950,nb-test,10.138.0.16,4519.844449520111,0,205
0.6631698222681647,0.6770417434616475,0.659125023111865,0.7219777777777778,0.6556146388513611,0.7064,21.987797498703003,False,,,206,d09c0_00002,abb406b6aeb74c7e95b2ccb14bcda2dc,2021-12-05_14-00-19,1638712819,4541.832247018814,1950,nb-test,10.138.0.16,4541.832247018814,0,206
0.6705045951051204,0.6423216525741807,0.6787222270092507,0.7211111111111111,0.7184075465388804,0.6904,22.209437370300293,False,,,207,d09c0_00002,abb406b6aeb74c7e95b2ccb14bcda2dc,2021-12-05_14-00-41,1638712841,4564.041684389114,1950,nb-test,10.138.0.16,4564.041684389114,0,207
0.669546726163516,0.7752642150191393,0.6387214350041267,0.7169333333333333,0.7013401256570829,0.6964,22.168333053588867,False,,,208,d09c0_00002,abb406b6aeb74c7e95b2ccb14bcda2dc,2021-12-05_14-01-04,1638712864,4586.210017442703,1950,nb-test,10.138.0.16,4586.210017442703,0,208
0.6134771511813659,0.49264975786100285,0.6487082148345782,0.7202222222222222,0.6790006461838473,0.6978,22.08815598487854,False,,,209,d09c0_00002,abb406b6aeb74c7e95b2ccb14bcda2dc,2021-12-05_14-01-26,1638712886,4608.298173427582,1950,nb-test,10.138.0.16,4608.298173427582,0,209
0.454489182472768,0.29581042438528565,0.5007570135743646,0.7224444444444444,0.6840201373171176,0.7022,22.103713750839233,False,,,210,d09c0_00002,abb406b6aeb74c7e95b2ccb14bcda2dc,2021-12-05_14-01-48,1638712908,4630.401887178421,1950,nb-test,10.138.0.16,4630.401887178421,0,210
0.63606561020086,0.5688016341856458,0.6556785585186055,0.7185555555555555,0.6749308814330435,0.7018,22.070470333099365,False,,,211,d09c0_00002,abb406b6aeb74c7e95b2ccb14bcda2dc,2021-12-05_14-02-10,1638712930,4652.47235751152,1950,nb-test,10.138.0.16,4652.47235751152,0,211
0.5409713617607734,0.5382944107750733,0.5417519118329215,0.7216,0.695878390591338,0.6962,22.317161560058594,False,,,212,d09c0_00002,abb406b6aeb74c7e95b2ccb14bcda2dc,2021-12-05_14-02-32,1638712952,4674.789519071579,1950,nb-test,10.138.0.16,4674.789519071579,0,212
0.5910083564948374,0.5436895895009466,0.604805645719916,0.7202444444444445,0.6804361323380734,0.7004,22.176239013671875,False,,,213,d09c0_00002,abb406b6aeb74c7e95b2ccb14bcda2dc,2021-12-05_14-02-54,1638712974,4696.965758085251,1950,nb-test,10.138.0.16,4696.965758085251,0,213
0.6093207060009406,0.58342518900226,0.616871366349082,0.7179777777777778,0.7307166446729678,0.6898,22.047146320343018,False,,,214,d09c0_00002,abb406b6aeb74c7e95b2ccb14bcda2dc,2021-12-05_14-03-16,1638712996,4719.012904405594,1950,nb-test,10.138.0.16,4719.012904405594,0,214
0.7402868472722222,0.7673791641542352,0.7323872219111718,0.7142666666666667,0.6891445887214525,0.6926,21.85230278968811,False,,,215,d09c0_00002,abb406b6aeb74c7e95b2ccb14bcda2dc,2021-12-05_14-03-38,1638713018,4740.865207195282,1950,nb-test,10.138.0.16,4740.865207195282,0,215
0.5251486611802115,0.26296029196050863,0.6015980065750901,0.72,0.666667545293415,0.701,21.99994707107544,False,,,216,d09c0_00002,abb406b6aeb74c7e95b2ccb14bcda2dc,2021-12-05_14-04-00,1638713040,4762.865154266357,1950,nb-test,10.138.0.16,4762.865154266357,0,216
0.6981354539712905,0.5489994660304371,0.7416207873856919,0.7195555555555555,0.6793725176411568,0.703,22.089954137802124,False,,,217,d09c0_00002,abb406b6aeb74c7e95b2ccb14bcda2dc,2021-12-05_14-04-22,1638713062,4784.95510840416,1950,nb-test,10.138.0.16,4784.95510840416,0,217
0.5574433440301286,0.6727828869154749,0.5238124374495987,0.7240888888888889,0.6813392151318419,0.7014,21.92616319656372,False,,,218,d09c0_00002,abb406b6aeb74c7e95b2ccb14bcda2dc,2021-12-05_14-04-44,1638713084,4806.881271600723,1950,nb-test,10.138.0.16,4806.881271600723,0,218
0.5876573496729831,0.456547651655097,0.6258865457971969,0.7213333333333334,0.7066798567485081,0.6918,22.563239336013794,False,,,219,d09c0_00002,abb406b6aeb74c7e95b2ccb14bcda2dc,2021-12-05_14-05-07,1638713107,4829.444510936737,1950,nb-test,10.138.0.16,4829.444510936737,0,219
0.5674018126842444,0.7269374217791414,0.5208841394603111,0.7194444444444444,0.690862103963324,0.6994,22.387600898742676,False,,,220,d09c0_00002,abb406b6aeb74c7e95b2ccb14bcda2dc,2021-12-05_14-05-29,1638713129,4851.83211183548,1950,nb-test,10.138.0.16,4851.83211183548,0,220
0.6007680742212644,0.3963115744892082,0.6603838596688112,0.7191111111111111,0.6880389720490766,0.702,21.81709599494934,False,,,221,d09c0_00002,abb406b6aeb74c7e95b2ccb14bcda2dc,2021-12-05_14-05-51,1638713151,4873.649207830429,1950,nb-test,10.138.0.16,4873.649207830429,0,221
0.7466478003460848,0.8188426815695284,0.725597090023507,0.7209333333333333,0.691759043605832,0.696,22.318387269973755,False,,,222,d09c0_00002,abb406b6aeb74c7e95b2ccb14bcda2dc,2021-12-05_14-06-13,1638713173,4895.967595100403,1950,nb-test,10.138.0.16,4895.967595100403,0,222
0.5929023651393746,0.46115507442197234,0.6313174716632437,0.7187555555555556,0.6798342939105074,0.6942,22.1084988117218,False,,,223,d09c0_00002,abb406b6aeb74c7e95b2ccb14bcda2dc,2021-12-05_14-06-35,1638713195,4918.076093912125,1950,nb-test,10.138.0.16,4918.076093912125,0,223
0.5805309920721251,0.6031871789953103,0.5739248612793056,0.7205555555555555,0.658321341214683,0.7034,21.857182502746582,False,,,224,d09c0_00002,abb406b6aeb74c7e95b2ccb14bcda2dc,2021-12-05_14-06-57,1638713217,4939.933276414871,1950,nb-test,10.138.0.16,4939.933276414871,0,224
0.5324605214760819,0.27586115397619426,0.6072802159289215,0.7212888888888889,0.7177532715995176,0.694,22.02404284477234,False,,,225,d09c0_00002,abb406b6aeb74c7e95b2ccb14bcda2dc,2021-12-05_14-07-19,1638713239,4961.957319259644,1950,nb-test,10.138.0.16,4961.957319259644,0,225
0.6238235786867058,0.46071859713725954,0.6713820158027706,0.7217111111111111,0.708471432854144,0.6944,22.26839542388916,False,,,226,d09c0_00002,abb406b6aeb74c7e95b2ccb14bcda2dc,2021-12-05_14-07-42,1638713262,4984.225714683533,1950,nb-test,10.138.0.16,4984.225714683533,0,226
0.6513428610044086,0.6502260321807138,0.6516685079152298,0.7206222222222223,0.6781523397414138,0.6998,21.99924111366272,False,,,227,d09c0_00002,abb406b6aeb74c7e95b2ccb14bcda2dc,2021-12-05_14-08-04,1638713284,5006.224955797195,1950,nb-test,10.138.0.16,5006.224955797195,0,227
0.5578875465319962,0.512818981732814,0.5710287178472537,0.7197777777777777,0.6920011662130584,0.6946,21.97884440422058,False,,,228,d09c0_00002,abb406b6aeb74c7e95b2ccb14bcda2dc,2021-12-05_14-08-26,1638713306,5028.203800201416,1950,nb-test,10.138.0.16,5028.203800201416,0,228
0.5214842327273365,0.26793634100526154,0.5954141725110559,0.7228,0.6709549532961362,0.702,22.391233682632446,False,,,229,d09c0_00002,abb406b6aeb74c7e95b2ccb14bcda2dc,2021-12-05_14-08-48,1638713328,5050.5950338840485,1950,nb-test,10.138.0.16,5050.5950338840485,0,229
0.6491696250103721,0.643500976253665,0.6508224995753784,0.7210444444444445,0.7002828013158021,0.693,21.979336261749268,False,,,230,d09c0_00002,abb406b6aeb74c7e95b2ccb14bcda2dc,2021-12-05_14-09-10,1638713350,5072.574370145798,1950,nb-test,10.138.0.16,5072.574370145798,0,230
0.6051306703818691,0.5484984143323062,0.6216436031107658,0.7232,0.6723176226755575,0.704,22.205156087875366,False,,,231,d09c0_00002,abb406b6aeb74c7e95b2ccb14bcda2dc,2021-12-05_14-09-32,1638713372,5094.779526233673,1950,nb-test,10.138.0.16,5094.779526233673,0,231
0.6155975930575018,0.5920839305570569,0.6224537480858316,0.7217777777777777,0.6748205611855254,0.7014,22.378947257995605,False,,,232,d09c0_00002,abb406b6aeb74c7e95b2ccb14bcda2dc,2021-12-05_14-09-54,1638713394,5117.158473491669,1950,nb-test,10.138.0.16,5117.158473491669,0,232
0.4943472801462469,0.6748319937126651,0.4417212302303086,0.7214,0.6786778627056056,0.6988,22.11129593849182,False,,,233,d09c0_00002,abb406b6aeb74c7e95b2ccb14bcda2dc,2021-12-05_14-10-17,1638713417,5139.2697694301605,1950,nb-test,10.138.0.16,5139.2697694301605,0,233
0.5818741186730064,0.5751343313976596,0.5838393176894024,0.7216666666666667,0.6835052429393037,0.6988,22.167038917541504,False,,,234,d09c0_00002,abb406b6aeb74c7e95b2ccb14bcda2dc,2021-12-05_14-10-39,1638713439,5161.436808347702,1950,nb-test,10.138.0.16,5161.436808347702,0,234
0.6068386224219134,0.6588324701255264,0.5916781649487926,0.7214666666666667,0.6918438920945731,0.703,21.922720670700073,False,,,235,d09c0_00002,abb406b6aeb74c7e95b2ccb14bcda2dc,2021-12-05_14-11-01,1638713461,5183.359529018402,1950,nb-test,10.138.0.16,5183.359529018402,0,235
0.49422142823338255,0.35938522652625327,0.533537204851239,0.7184,0.6794619919431348,0.705,21.740046739578247,False,,,236,d09c0_00002,abb406b6aeb74c7e95b2ccb14bcda2dc,2021-12-05_14-11-22,1638713482,5205.09957575798,1950,nb-test,10.138.0.16,5205.09957575798,0,236
0.7831800060053546,0.6769510678229361,0.814154426458131,0.7190666666666666,0.681094206727341,0.7056,22.338282108306885,False,,,237,d09c0_00002,abb406b6aeb74c7e95b2ccb14bcda2dc,2021-12-05_14-11-45,1638713505,5227.437857866287,1950,nb-test,10.138.0.16,5227.437857866287,0,237
0.5542150483338822,0.46969339833675217,0.5788600195551681,0.7207111111111111,0.6730279692649879,0.7008,22.015007495880127,False,,,238,d09c0_00002,abb406b6aeb74c7e95b2ccb14bcda2dc,2021-12-05_14-12-07,1638713527,5249.452865362167,1950,nb-test,10.138.0.16,5249.452865362167,0,238
0.4341171317190306,0.38277408868669294,0.4490878264225552,0.7210222222222222,0.6811059726191032,0.6988,22.141037702560425,False,,,239,d09c0_00002,abb406b6aeb74c7e95b2ccb14bcda2dc,2021-12-05_14-12-29,1638713549,5271.593903064728,1950,nb-test,10.138.0.16,5271.593903064728,0,239
0.6019679633792416,0.44356292464508895,0.6481559829108345,0.7183555555555555,0.6713352925005738,0.6978,21.964513301849365,False,,,240,d09c0_00002,abb406b6aeb74c7e95b2ccb14bcda2dc,2021-12-05_14-12-51,1638713571,5293.558416366577,1950,nb-test,10.138.0.16,5293.558416366577,0,240
0.5033863878362749,0.19630379967252773,0.5929260684756225,0.7210666666666666,0.6818845634062214,0.702,22.340741872787476,False,,,241,d09c0_00002,abb406b6aeb74c7e95b2ccb14bcda2dc,2021-12-05_14-13-13,1638713593,5315.899158239365,1950,nb-test,10.138.0.16,5315.899158239365,0,241
0.5998493248172005,0.5002755048786048,0.6288832341985672,0.7239111111111111,0.690235001266519,0.7038,21.71408700942993,False,,,242,d09c0_00002,abb406b6aeb74c7e95b2ccb14bcda2dc,2021-12-05_14-13-35,1638713615,5337.613245248795,1950,nb-test,10.138.0.16,5337.613245248795,0,242
0.5259494330789604,0.594378566079223,0.5059967462401884,0.7155333333333334,0.7326888610148758,0.6878,22.31568932533264,False,,,243,d09c0_00002,abb406b6aeb74c7e95b2ccb14bcda2dc,2021-12-05_14-13-57,1638713637,5359.928934574127,1950,nb-test,10.138.0.16,5359.928934574127,0,243
0.5546257101334817,0.4046332433683095,0.5983607771484183,0.7179777777777778,0.7360720707088655,0.6876,22.12334394454956,False,,,244,d09c0_00002,abb406b6aeb74c7e95b2ccb14bcda2dc,2021-12-05_14-14-19,1638713659,5382.052278518677,1950,nb-test,10.138.0.16,5382.052278518677,0,244
0.6217070757216567,0.3873207625723181,0.6900498487558434,0.7190666666666666,0.6679471297270376,0.7004,22.041688919067383,False,,,245,d09c0_00002,abb406b6aeb74c7e95b2ccb14bcda2dc,2021-12-05_14-14-41,1638713681,5404.093967437744,1950,nb-test,10.138.0.16,5404.093967437744,0,245
0.6569448791654073,0.6127042071530937,0.6698446520471592,0.7234666666666667,0.695948043452453,0.693,22.353447675704956,False,,,246,d09c0_00002,abb406b6aeb74c7e95b2ccb14bcda2dc,2021-12-05_14-15-04,1638713704,5426.447415113449,1950,nb-test,10.138.0.16,5426.447415113449,0,246
0.6820559208206919,0.6026998497697058,0.7051947034562914,0.7218666666666667,0.6926003858503357,0.6958,22.270055294036865,False,,,247,d09c0_00002,abb406b6aeb74c7e95b2ccb14bcda2dc,2021-12-05_14-15-26,1638713726,5448.717470407486,1950,nb-test,10.138.0.16,5448.717470407486,0,247
0.6255850116169361,0.3119288903878531,0.7170414145779953,0.7210444444444445,0.6984507546143843,0.7006,21.71765446662903,False,,,248,d09c0_00002,abb406b6aeb74c7e95b2ccb14bcda2dc,2021-12-05_14-15-48,1638713748,5470.435124874115,1950,nb-test,10.138.0.16,5470.435124874115,0,248
0.5758575495911329,0.6920992324515642,0.5419635954514951,0.7201777777777778,0.6570247146780074,0.7034,21.92842698097229,False,,,249,d09c0_00002,abb406b6aeb74c7e95b2ccb14bcda2dc,2021-12-05_14-16-10,1638713770,5492.363551855087,1950,nb-test,10.138.0.16,5492.363551855087,0,249
0.5651011375380238,0.49376081057863974,0.585902675426729,0.7233333333333334,0.6524713346208391,0.7056,21.91867232322693,False,,,250,d09c0_00002,abb406b6aeb74c7e95b2ccb14bcda2dc,2021-12-05_14-16-32,1638713792,5514.282224178314,1950,nb-test,10.138.0.16,5514.282224178314,0,250
0.5674841800566338,0.33141537795518494,0.6363175361758219,0.7199555555555556,0.6872211331731711,0.6976,22.00369429588318,False,,,251,d09c0_00002,abb406b6aeb74c7e95b2ccb14bcda2dc,2021-12-05_14-16-54,1638713814,5536.285918474197,1950,nb-test,10.138.0.16,5536.285918474197,0,251
0.6276489237869981,0.6850555047289926,0.6109102120453804,0.7222,0.6731697445762879,0.6988,21.678826332092285,False,,,252,d09c0_00002,abb406b6aeb74c7e95b2ccb14bcda2dc,2021-12-05_14-17-15,1638713835,5557.96474480629,1950,nb-test,10.138.0.16,5557.96474480629,0,252
0.48893114631951184,0.5732655246486753,0.46434078010023117,0.7235777777777778,0.6985104999174868,0.7076,22.011775970458984,False,,,253,d09c0_00002,abb406b6aeb74c7e95b2ccb14bcda2dc,2021-12-05_14-17-37,1638713857,5579.976520776749,1950,nb-test,10.138.0.16,5579.976520776749,0,253
0.49143747744628796,0.3935363038669731,0.5199836736631661,0.7244444444444444,0.6688228557434629,0.704,22.307026624679565,False,,,254,d09c0_00002,abb406b6aeb74c7e95b2ccb14bcda2dc,2021-12-05_14-18-00,1638713880,5602.283547401428,1950,nb-test,10.138.0.16,5602.283547401428,0,254
0.618653323547617,0.4018970045260692,0.6818555119159166,0.7227333333333333,0.6741171259409034,0.7044,21.937806129455566,False,,,255,d09c0_00002,abb406b6aeb74c7e95b2ccb14bcda2dc,2021-12-05_14-18-22,1638713902,5624.221353530884,1950,nb-test,10.138.0.16,5624.221353530884,0,255
0.7078510569751347,0.635344769185925,0.7289925677713393,0.7224444444444444,0.7088121994047826,0.696,22.181206464767456,False,,,256,d09c0_00002,abb406b6aeb74c7e95b2ccb14bcda2dc,2021-12-05_14-18-44,1638713924,5646.402559995651,1950,nb-test,10.138.0.16,5646.402559995651,0,256
0.5599628373243212,0.6193280199263225,0.5426530330691703,0.7248444444444444,0.6638892962189018,0.7024,21.67146348953247,False,,,257,d09c0_00002,abb406b6aeb74c7e95b2ccb14bcda2dc,2021-12-05_14-19-05,1638713945,5668.074023485184,1950,nb-test,10.138.0.16,5668.074023485184,0,257
0.5415009333001437,0.5072021216304999,0.5515018410740857,0.7227111111111111,0.6665432750433399,0.7054,22.22538471221924,False,,,258,d09c0_00002,abb406b6aeb74c7e95b2ccb14bcda2dc,2021-12-05_14-19-28,1638713968,5690.299408197403,1950,nb-test,10.138.0.16,5690.299408197403,0,258
0.4317587549842511,0.43837528236990464,0.42982949630307526,0.7253555555555555,0.6734113887938716,0.6976,21.953507661819458,False,,,259,d09c0_00002,abb406b6aeb74c7e95b2ccb14bcda2dc,2021-12-05_14-19-50,1638713990,5712.252915859222,1950,nb-test,10.138.0.16,5712.252915859222,0,259
0.7017909997692676,0.6288230754963481,0.723067115342545,0.7202666666666667,0.6665843966845044,0.7048,22.23397469520569,False,,,260,d09c0_00002,abb406b6aeb74c7e95b2ccb14bcda2dc,2021-12-05_14-20-12,1638714012,5734.486890554428,1950,nb-test,10.138.0.16,5734.486890554428,0,260
0.6051403523384893,0.7090327133057358,0.5748472351757714,0.7290444444444445,0.7208587313310616,0.6902,22.00943374633789,False,,,261,d09c0_00002,abb406b6aeb74c7e95b2ccb14bcda2dc,2021-12-05_14-20-34,1638714034,5756.496324300766,1950,nb-test,10.138.0.16,5756.496324300766,0,261
0.6749405523377353,0.5450342675508919,0.7128188551174931,0.7221111111111111,0.6710632232894866,0.6976,21.668742656707764,False,,,262,d09c0_00002,abb406b6aeb74c7e95b2ccb14bcda2dc,2021-12-05_14-20-56,1638714056,5778.165066957474,1950,nb-test,10.138.0.16,5778.165066957474,0,262
0.5303932110779584,0.4317957281930181,0.5591424383856732,0.7240222222222222,0.6575713475871261,0.7098,21.816325902938843,False,,,263,d09c0_00002,abb406b6aeb74c7e95b2ccb14bcda2dc,2021-12-05_14-21-17,1638714077,5799.981392860413,1950,nb-test,10.138.0.16,5799.981392860413,0,263
0.5444256427618812,0.4977857411783109,0.5580249872177662,0.7279333333333333,0.6714773895140563,0.7066,22.1426203250885,False,,,264,d09c0_00002,abb406b6aeb74c7e95b2ccb14bcda2dc,2021-12-05_14-21-39,1638714099,5822.124013185501,1950,nb-test,10.138.0.16,5822.124013185501,0,264
0.6101614256971625,0.6339823145679234,0.603215689063941,0.7256444444444444,0.6687926415236308,0.7072,22.05305552482605,False,,,265,d09c0_00002,abb406b6aeb74c7e95b2ccb14bcda2dc,2021-12-05_14-22-02,1638714122,5844.177068710327,1950,nb-test,10.138.0.16,5844.177068710327,0,265
0.5252141124909575,0.45650963583911924,0.5452470845154689,0.7264,0.6668949520763893,0.7032,21.985562562942505,False,,,266,d09c0_00002,abb406b6aeb74c7e95b2ccb14bcda2dc,2021-12-05_14-22-24,1638714144,5866.16263127327,1950,nb-test,10.138.0.16,5866.16263127327,0,266
0.6024891260714459,0.5287445192095674,0.623991708118742,0.725,0.6830698316648717,0.702,21.833667278289795,False,,,267,d09c0_00002,abb406b6aeb74c7e95b2ccb14bcda2dc,2021-12-05_14-22-45,1638714165,5887.996298551559,1950,nb-test,10.138.0.16,5887.996298551559,0,267
0.5806657202384934,0.5872515909387023,0.5787454004875268,0.7243555555555555,0.6702129483026832,0.7008,22.167598724365234,False,,,268,d09c0_00002,abb406b6aeb74c7e95b2ccb14bcda2dc,2021-12-05_14-23-08,1638714188,5910.163897275925,1950,nb-test,10.138.0.16,5910.163897275925,0,268
0.612781216629926,0.32908731429062427,0.6955011831597321,0.7263555555555555,0.6701158496341988,0.705,21.720994472503662,False,,,269,d09c0_00002,abb406b6aeb74c7e95b2ccb14bcda2dc,2021-12-05_14-23-29,1638714209,5931.884891748428,1950,nb-test,10.138.0.16,5931.884891748428,0,269
0.6595036545855899,0.5211209626328646,0.6998535230608841,0.7298444444444444,0.6517699306014141,0.7042,21.98068332672119,False,,,270,d09c0_00002,abb406b6aeb74c7e95b2ccb14bcda2dc,2021-12-05_14-23-51,1638714231,5953.8655750751495,1950,nb-test,10.138.0.16,5953.8655750751495,0,270
0.48357531565276374,0.469999368065676,0.48753381430484555,0.7289333333333333,0.6399746103771485,0.713,22.354660511016846,False,,,271,d09c0_00002,abb406b6aeb74c7e95b2ccb14bcda2dc,2021-12-05_14-24-14,1638714254,5976.220235586166,1950,nb-test,10.138.0.16,5976.220235586166,0,271
0.6585579877714407,0.5591555255954052,0.6875419323553031,0.7281333333333333,0.6936359569548706,0.6956,22.205296516418457,False,,,272,d09c0_00002,abb406b6aeb74c7e95b2ccb14bcda2dc,2021-12-05_14-24-36,1638714276,5998.425532102585,1950,nb-test,10.138.0.16,5998.425532102585,0,272
0.5342571886800382,0.43541048076116323,0.5630790854610682,0.7269333333333333,0.669512481231357,0.6992,21.93717360496521,False,,,273,d09c0_00002,abb406b6aeb74c7e95b2ccb14bcda2dc,2021-12-05_14-24-58,1638714298,6020.36270570755,1950,nb-test,10.138.0.16,6020.36270570755,0,273
0.5203925670502908,0.4202720899025101,0.5495858717012561,0.7276888888888889,0.6865561764938322,0.6958,22.393609046936035,False,,,274,d09c0_00002,abb406b6aeb74c7e95b2ccb14bcda2dc,2021-12-05_14-25-20,1638714320,6042.756314754486,1950,nb-test,10.138.0.16,6042.756314754486,0,274
0.5959529255529814,0.663182132412689,0.576350115286692,0.7278666666666667,0.6896027050731907,0.7004,21.485804080963135,False,,,275,d09c0_00002,abb406b6aeb74c7e95b2ccb14bcda2dc,2021-12-05_14-25-42,1638714342,6064.242118835449,1950,nb-test,10.138.0.16,6064.242118835449,0,275
0.557152237457233,0.6374607843127023,0.5337357302529415,0.7329777777777777,0.6668454860462671,0.705,21.74132227897644,False,,,276,d09c0_00002,abb406b6aeb74c7e95b2ccb14bcda2dc,2021-12-05_14-26-03,1638714363,6085.983441114426,1950,nb-test,10.138.0.16,6085.983441114426,0,276
0.526650848729584,0.4791187080495166,0.5405103538290011,0.7280444444444445,0.7106384346470003,0.69,22.160852432250977,False,,,277,d09c0_00002,abb406b6aeb74c7e95b2ccb14bcda2dc,2021-12-05_14-26-25,1638714385,6108.144293546677,1950,nb-test,10.138.0.16,6108.144293546677,0,277
0.6374243100003611,0.575620340146189,0.6554452201277564,0.7255777777777778,0.641689704758078,0.7072,22.128300428390503,False,,,278,d09c0_00002,abb406b6aeb74c7e95b2ccb14bcda2dc,2021-12-05_14-26-48,1638714408,6130.272593975067,1950,nb-test,10.138.0.16,6130.272593975067,0,278
0.6307195509941926,0.5181827331767281,0.6635332340746907,0.7272444444444445,0.7312745365770339,0.6928,22.497186422348022,False,,,279,d09c0_00002,abb406b6aeb74c7e95b2ccb14bcda2dc,2021-12-05_14-27-10,1638714430,6152.769780397415,1950,nb-test,10.138.0.16,6152.769780397415,0,279
0.6301195257439611,0.5290937017512546,0.6595768130187779,0.7301333333333333,0.6478249245686694,0.711,22.00015640258789,False,,,280,d09c0_00002,abb406b6aeb74c7e95b2ccb14bcda2dc,2021-12-05_14-27-32,1638714452,6174.769936800003,1950,nb-test,10.138.0.16,6174.769936800003,0,280
0.6163819998856461,0.47040102054676053,0.6589473903481392,0.7326666666666667,0.6470117481251944,0.7072,22.03290867805481,False,,,281,d09c0_00002,abb406b6aeb74c7e95b2ccb14bcda2dc,2021-12-05_14-27-54,1638714474,6196.802845478058,1950,nb-test,10.138.0.16,6196.802845478058,0,281
0.5837717232678328,0.5322460663993217,0.5987956648345856,0.7314444444444445,0.647649722296835,0.7072,22.13749098777771,False,,,282,d09c0_00002,abb406b6aeb74c7e95b2ccb14bcda2dc,2021-12-05_14-28-16,1638714496,6218.940336465836,1950,nb-test,10.138.0.16,6218.940336465836,0,282
0.5949797999813167,0.5004725341652454,0.6225363946090678,0.7283111111111111,0.6523066983324043,0.7124,22.13208794593811,False,,,283,d09c0_00002,abb406b6aeb74c7e95b2ccb14bcda2dc,2021-12-05_14-28-38,1638714518,6241.072424411774,1950,nb-test,10.138.0.16,6241.072424411774,0,283
0.6512647268442354,0.672706137059417,0.6450128027784499,0.7322666666666666,0.6543982364836297,0.7074,21.739150047302246,False,,,284,d09c0_00002,abb406b6aeb74c7e95b2ccb14bcda2dc,2021-12-05_14-29-00,1638714540,6262.811574459076,1950,nb-test,10.138.0.16,6262.811574459076,0,284
0.5718061791643453,0.32099797967884824,0.6449372746717408,0.7310888888888889,0.6605199330088444,0.7064,22.265501260757446,False,,,285,d09c0_00002,abb406b6aeb74c7e95b2ccb14bcda2dc,2021-12-05_14-29-22,1638714562,6285.077075719833,1950,nb-test,10.138.0.16,6285.077075719833,0,285
0.6151197891646638,0.4102183543664324,0.6748653095606119,0.7331777777777778,0.6585266240184715,0.699,22.54026198387146,False,,,286,d09c0_00002,abb406b6aeb74c7e95b2ccb14bcda2dc,2021-12-05_14-29-45,1638714585,6307.617337703705,1950,nb-test,10.138.0.16,6307.617337703705,0,286
0.5848212157307788,0.4309408387716208,0.6296899264316226,0.7331555555555556,0.6567035202835751,0.702,22.038614749908447,False,,,287,d09c0_00002,abb406b6aeb74c7e95b2ccb14bcda2dc,2021-12-05_14-30-07,1638714607,6329.655952453613,1950,nb-test,10.138.0.16,6329.655952453613,0,287
0.532494517471725,0.553759617716092,0.5262940021770294,0.7327555555555556,0.6687021535500397,0.701,22.397812604904175,False,,,288,d09c0_00002,abb406b6aeb74c7e95b2ccb14bcda2dc,2021-12-05_14-30-29,1638714629,6352.0537650585175,1950,nb-test,10.138.0.16,6352.0537650585175,0,288
0.44949590074364604,0.45522938747739805,0.4478241206073645,0.7332888888888889,0.6653274002304898,0.6976,22.172985792160034,False,,,289,d09c0_00002,abb406b6aeb74c7e95b2ccb14bcda2dc,2021-12-05_14-30-52,1638714652,6374.2267508506775,1950,nb-test,10.138.0.16,6374.2267508506775,0,289
0.5781088027883403,0.4855195811540608,0.605106130723321,0.7307555555555556,0.6841462979259026,0.6968,21.985239267349243,False,,,290,d09c0_00002,abb406b6aeb74c7e95b2ccb14bcda2dc,2021-12-05_14-31-14,1638714674,6396.211990118027,1950,nb-test,10.138.0.16,6396.211990118027,0,290
0.5900044911944703,0.49343945585401555,0.6181610938758997,0.7276888888888889,0.6606077872256589,0.7054,22.398802280426025,False,,,291,d09c0_00002,abb406b6aeb74c7e95b2ccb14bcda2dc,2021-12-05_14-31-36,1638714696,6418.610792398453,1950,nb-test,10.138.0.16,6418.610792398453,0,291
0.5447894257373191,0.6667076824892179,0.5092402862079567,0.7298666666666667,0.6770759555094806,0.6992,22.303595781326294,False,,,292,d09c0_00002,abb406b6aeb74c7e95b2ccb14bcda2dc,2021-12-05_14-31-58,1638714718,6440.914388179779,1950,nb-test,10.138.0.16,6440.914388179779,0,292
0.6540804680896234,0.3754772309928082,0.7353160895030886,0.7294222222222222,0.6940192580717278,0.6972,22.46739172935486,False,,,293,d09c0_00002,abb406b6aeb74c7e95b2ccb14bcda2dc,2021-12-05_14-32-21,1638714741,6463.381779909134,1950,nb-test,10.138.0.16,6463.381779909134,0,293
0.561868554300018,0.5875364854495457,0.5543842538336694,0.7295555555555555,0.68880769073332,0.6928,21.959482669830322,False,,,294,d09c0_00002,abb406b6aeb74c7e95b2ccb14bcda2dc,2021-12-05_14-32-43,1638714763,6485.341262578964,1950,nb-test,10.138.0.16,6485.341262578964,0,294
0.6887064676705101,0.441069712252866,0.7609128279439767,0.7273555555555555,0.6771080442616124,0.7002,22.29107403755188,False,,,295,d09c0_00002,abb406b6aeb74c7e95b2ccb14bcda2dc,2021-12-05_14-33-05,1638714785,6507.632336616516,1950,nb-test,10.138.0.16,6507.632336616516,0,295
0.6839985038128081,0.654023719410554,0.692738604118266,0.7323777777777778,0.6627633073094166,0.7036,21.839855909347534,False,,,296,d09c0_00002,abb406b6aeb74c7e95b2ccb14bcda2dc,2021-12-05_14-33-27,1638714807,6529.472192525864,1950,nb-test,10.138.0.16,6529.472192525864,0,296
0.5334377326662981,0.3511264763142282,0.5865963691371416,0.7315777777777778,0.6718440192240761,0.706,22.24108600616455,False,,,297,d09c0_00002,abb406b6aeb74c7e95b2ccb14bcda2dc,2021-12-05_14-33-49,1638714829,6551.713278532028,1950,nb-test,10.138.0.16,6551.713278532028,0,297
0.645884227919377,0.6700801174297566,0.6388291479407322,0.7318666666666667,0.6527755395277666,0.7092,22.002427101135254,False,,,298,d09c0_00002,abb406b6aeb74c7e95b2ccb14bcda2dc,2021-12-05_14-34-11,1638714851,6573.715705633163,1950,nb-test,10.138.0.16,6573.715705633163,0,298
0.4909744203768513,0.34470698086401924,0.53362333740021,0.7335333333333334,0.6448674608456242,0.7134,18.606871843338013,False,,,299,d09c0_00002,abb406b6aeb74c7e95b2ccb14bcda2dc,2021-12-05_14-34-30,1638714870,6592.3225774765015,1950,nb-test,10.138.0.16,6592.3225774765015,0,299
0.5472210424404581,0.37061732024668154,0.5987154660725748,0.7311333333333333,0.6637118508898081,0.7034,15.299351692199707,False,,,300,d09c0_00002,abb406b6aeb74c7e95b2ccb14bcda2dc,2021-12-05_14-34-45,1638714885,6607.621929168701,1950,nb-test,10.138.0.16,6607.621929168701,0,300
